0,0.000831,1
1,0.000773,1
2,0.000778,2
3,0.000603,2
4,0.001366,1
5,0.000617,1
6,0.002874,6
7,0.002608,4
8,0.001452,1
9,0.004712,4
10,0.004142,2
11,0.001795,1
12,0.011432,4
13,0.021792,5
14,0.020467,2
15,0.007626,1
16,0.010814,2
17,0.009519,2
18,0.007735,2
19,0.006045,1
20,0.045378,1
21,0.03261,4
22,0.008851,1
23,0.008422,3
24,0.009407,1
25,0.009627,1
26,0.012302,7
27,0.003609,9
28,0.001735,7
29,0.037049,1
30,0.015962,1
31,0.014091,2
32,0.014051,4
33,0.007342,5
34,0.008586,1
35,0.003687,1
36,0.01711,1
37,0.023892,1
38,0.029663,4
39,0.015896,3
40,0.013542,2
41,0.025115,4
42,0.033102,11
43,0.035832,2
44,0.015855,3
45,0.069773,2
46,0.049498,2
47,0.009183,1
48,0.014185,2
49,0.039249,2
50,0.070315,1
51,0.013734,4
52,0.00498,2
53,0.071508,5
54,0.024059,1
55,0.015069,1
56,0.006703,2
57,0.050031,1
58,0.048648,2
59,0.031011,1
60,0.016143,2
61,0.053386,1
62,0.048627,1
63,0.04612,8
64,0.008684,3
65,0.04775,1
66,0.037063,2
67,0.025999,1
68,0.011497,2
69,0.062958,1
70,0.0512,2
71,0.032585,1
72,0.01843,1
73,0.077494,3
74,0.052433,1
75,0.038693,4
76,0.022461,2
77,0.034125,1
78,0.098444,3
79,0.076986,1
80,0.068081,1
81,0.023725,7
82,0.165285,6
83,0.111138,2
84,0.057755,1
85,0.117057,1
86,0.103243,4
87,0.073946,1
88,0.043923,5
89,0.023471,1
90,0.056016,5
91,0.132111,4
92,0.104314,10
93,0.062916,1
94,0.047869,3
95,0.01624,2
96,0.110757,6
97,0.133954,1
98,0.096235,1
99,0.052412,1
100,0.106497,2
101,0.117294,5
102,0.102952,1
103,0.094918,1
104,0.030814,2
105,0.148028,2
106,0.127967,2
107,0.091158,2
108,0.048029,4
109,0.077444,2
110,0.130191,6
111,2.887499,2
112,0.079566,1
113,0.040943,5
114,0.055005,3
115,0.156387,2
116,0.120311,2
117,0.072551,4
118,0.030981,1
119,0.164287,8
120,0.1474,2
121,0.076368,1
122,0.048204,9
123,0.062439,4
124,0.154643,2
125,0.123239,2
126,0.092847,8
127,0.050945,9
128,0.095309,6
129,0.197098,2
130,0.133792,4
131,0.057107,1
132,0.034806,2
133,0.178543,3
134,0.145407,1
135,0.098983,2
136,0.053227,3
137,0.146696,2
138,0.163222,1
139,0.117694,1
140,0.076492,2
141,0.034536,2
142,0.151343,1
143,0.167971,1
144,0.122178,1
145,0.094437,10
146,0.056812,4
147,0.214377,1
148,0.180311,3
149,0.113802,4
150,0.044604,6
151,0.241107,2
152,0.195789,1
153,0.123877,2
154,0.047346,6
155,0.189235,7
156,0.268716,2
157,0.097769,9
158,0.082898,1
159,0.239395,1
160,0.173351,4
161,0.109544,4
162,0.096944,3
163,0.274076,1
164,0.190528,3
165,0.10659,2
166,0.305829,1
167,0.372988,2
168,0.189884,1
169,0.346599,3
170,0.21754,10
171,0.15347,2
172,0.078465,1
173,0.310271,2
174,0.266807,2
175,0.130788,2
176,0.249622,1
177,0.245486,2
178,0.163468,1
179,0.09205,8
180,0.146219,2
181,0.258306,3
182,0.180786,2
183,0.100743,1
184,0.13141,2
185,0.286277,7
186,0.201257,5
187,0.104985,2
188,0.127334,6
189,0.34504,2
190,0.254831,14
191,0.103761,6
192,0.422166,1
193,0.250233,1
194,0.113347,1
195,0.435957,1
196,0.271803,1
197,0.159289,2
198,0.463809,1
199,0.180695,3
200,0.123411,4
201,0.266882,1
202,0.253773,1
203,0.169593,2
204,0.083942,2
205,0.241065,1
206,0.315594,1
207,0.210942,2
208,0.089509,3
209,0.281023,1
210,0.29175,1
211,0.192593,1
212,0.095624,1
213,0.228637,1
214,0.353781,2
215,0.198732,1
216,0.102663,1
217,0.450016,7
218,0.372705,8
219,0.172392,8
220,0.311172,1
221,0.327974,1
222,0.216528,1
223,0.111275,1
224,0.27306,1
225,0.352582,1
226,0.214767,3
227,0.103347,2
228,0.385131,1
229,0.32415,1
230,0.20187,8
231,0.07614,5
232,0.376553,4
233,0.329331,3
234,0.182702,2
235,0.037631,5
236,0.003966,2
237,0.003716,4
238,0.003779,1
239,0.005284,4
240,0.00408,2
241,0.00375,1
242,0.00385,3
243,0.004902,5
244,0.005111,1
245,0.003944,4
246,0.003221,1
247,0.004529,1
248,0.003795,2
249,0.003984,1
250,0.004035,1
251,0.004424,1
252,0.003608,1
253,0.003663,1
254,0.004093,1
255,0.003267,2
256,0.003831,2
257,0.003425,1
258,0.003333,1
259,0.003913,2
260,0.006868,6
261,0.003328,1
262,0.004106,2
263,0.003625,2
264,0.003476,2
265,0.004879,1
266,0.003687,2
267,0.005798,3
268,0.005169,2
269,0.004326,2
270,0.003785,3
271,0.007642,3
272,0.008775,6
273,0.005777,3
274,0.003574,1
275,0.005138,2
276,0.003627,1
277,0.003302,1
278,0.004039,2
279,0.00452,5
280,0.003341,1
281,0.004456,2
282,0.004802,4
283,0.005257,6
284,0.003628,1
285,0.005478,1
286,0.005689,1
287,0.003433,1
288,0.003681,1
289,0.004312,2
290,0.004036,1
291,0.004093,1
292,0.004862,3
293,0.00492,5
294,0.005512,5
295,0.004712,1
296,0.006126,1
297,0.004734,2
298,0.005087,3
299,0.005004,3
300,0.005829,4
301,0.003708,1
302,0.003601,1
303,0.005356,4
304,0.003954,1
305,0.005157,5
306,0.004676,2
307,0.004217,2
308,0.004504,2
309,0.004955,1
310,0.005786,5
311,0.00509,4
312,0.004694,1
313,0.004785,2
314,0.005071,1
315,0.005686,2
316,0.005659,4
317,0.004212,1
318,0.005347,5
319,0.004227,1
320,0.006232,4
321,0.004227,1
322,0.004001,1
323,0.004554,1
324,0.004818,1
325,0.004225,1
326,0.005338,4
327,0.004139,1
328,0.004838,3
329,0.004337,2
330,0.004848,1
331,0.005587,2
332,0.00599,1
333,0.007132,1
334,0.006455,3
335,0.005494,1
336,0.00599,1
337,0.009799,6
338,0.005866,1
339,0.006657,3
340,0.005904,1
341,0.007288,3
342,0.007694,3
343,0.005392,4
344,0.004902,2
345,0.004172,1
346,0.00558,3
347,0.004188,1
348,0.004212,1
349,0.004402,1
350,0.004683,1
351,0.005289,4
352,0.004539,1
353,0.006263,6
354,0.004788,2
355,0.007019,8
356,0.004857,2
357,0.004431,1
358,0.004802,2
359,0.00633,5
360,0.004793,1
361,0.005047,1
362,0.004943,2
363,0.004863,1
364,0.006621,4
365,0.015487,1
366,0.007556,7
367,0.004675,1
368,0.004602,1
369,0.00556,3
370,0.004634,1
371,0.004898,1
372,0.005364,2
373,0.005819,1
374,0.005915,2
375,0.004615,1
376,0.004622,1
377,0.00491,1
378,0.004964,1
379,0.004639,1
380,0.004831,1
381,0.005382,1
382,0.005554,1
383,0.005942,1
384,0.007815,3
385,0.007095,2
386,0.005759,1
387,0.006286,1
388,0.005921,1
389,0.005252,1
390,0.005569,2
391,0.006582,3
392,0.005873,2
393,0.006232,2
394,0.008071,6
395,0.005296,1
396,0.005305,1
397,0.005559,1
398,0.005769,2
399,0.006688,1
400,0.005898,1
401,0.005724,1
402,0.007562,1
403,0.006702,3
404,0.007194,1
405,0.007586,1
406,0.005736,1
407,0.006716,3
408,0.006245,2
409,0.006178,2
410,0.006885,4
411,0.006029,1
412,0.006482,2
413,0.005986,2
414,0.007271,5
415,0.006464,2
416,0.006368,2
417,0.006218,1
418,0.005662,1
419,0.005842,1
420,0.008456,3
421,0.00736,3
422,0.006287,2
423,0.004836,1
424,0.005265,2
425,0.004958,1
426,0.006646,2
427,0.007064,3
428,0.005902,2
429,0.012652,18
430,0.008246,1
431,0.008959,1
432,0.008256,1
433,0.00957,2
434,0.010141,3
435,0.009978,1
436,0.010728,1
437,0.009509,1
438,0.011941,2
439,0.011234,4
440,0.010707,3
441,0.009781,1
442,0.007187,4
443,0.005655,2
444,0.005995,2
445,0.009788,9
446,0.005832,1
447,0.005235,1
448,0.010599,11
449,0.006918,4
450,0.006176,2
451,0.008199,7
452,0.009546,8
453,0.005515,1
454,0.005853,2
455,0.005582,1
456,0.005862,2
457,0.006062,2
458,0.007553,5
459,0.009314,7
460,0.005926,1
461,0.00545,1
462,0.006137,1
463,0.005873,1
464,0.007107,3
465,0.006876,2
466,0.006992,2
467,0.007871,4
468,0.006866,1
469,0.006514,1
470,0.007714,1
471,0.006002,1
472,0.006538,1
473,0.006667,1
474,0.006638,1
475,0.006959,1
476,0.007984,3
477,0.008974,5
478,0.007099,1
479,0.007258,2
480,0.008877,4
481,0.008639,2
482,0.011319,8
483,0.007525,2
484,0.006686,1
485,0.009514,6
486,0.006619,1
487,0.007391,2
488,0.009886,6
489,0.007743,1
490,0.008074,1
491,0.008552,1
492,0.021185,1
493,0.021909,1
494,0.021753,1
495,0.022562,1
496,0.009134,1
497,0.010362,2
498,0.007067,1
499,0.009428,4
500,0.007983,1
501,0.008019,2
502,0.007772,2
503,0.010522,6
504,0.006696,1
505,0.007413,1
506,0.013661,12
507,0.007994,2
508,0.007053,1
509,0.007588,2
510,0.008862,4
511,0.007542,2
512,0.009493,3
513,0.009724,2
514,0.009355,1
515,0.00819,1
516,0.009151,3
517,0.009097,4
518,0.007809,1
519,0.009249,3
520,0.008861,3
521,0.00768,1
522,0.011561,2
523,0.009082,4
524,0.007636,1
525,0.007417,1
526,0.007936,1
527,0.008386,2
528,0.007395,1
529,0.009519,3
530,0.007956,1
531,0.007905,2
532,0.008535,3
533,0.008514,3
534,0.007859,1
535,0.010892,6
536,0.007833,1
537,0.008517,2
538,0.008859,2
539,0.007689,1
540,0.008616,2
541,0.008471,1
542,0.007679,1
543,0.008008,1
544,0.00766,1
545,0.009193,2
546,0.007712,1
547,0.008235,1
548,0.008173,2
549,0.00786,1
550,0.00926,2
551,0.009185,1
552,0.010047,2
553,0.011444,2
554,0.00971,2
555,0.011003,6
556,0.008905,2
557,0.008723,2
558,0.007516,1
559,0.008675,2
560,0.007346,2
561,0.008478,1
562,0.006519,1
563,0.007481,1
564,0.007227,2
565,0.008639,1
566,0.009565,2
567,0.009647,1
568,0.012115,4
569,0.00707,1
570,0.006962,1
571,0.00792,2
572,0.007378,2
573,0.007119,1
574,0.006658,1
575,0.00778,2
576,0.006506,1
577,0.00673,1
578,0.008191,4
579,0.008514,3
580,0.010476,7
581,0.008221,3
582,0.007242,2
583,0.00777,3
584,0.010405,5
585,0.010452,6
586,0.010144,6
587,0.006616,1
588,0.007354,1
589,0.008917,1
590,0.007157,1
591,0.008217,3
592,0.0105,7
593,0.009217,5
594,0.007432,2
595,0.008973,4
596,0.012379,9
597,0.008386,3
598,0.012959,9
599,0.008242,1
600,0.007873,2
601,0.007534,1
602,0.00875,2
603,0.008998,1
604,0.0133,9
605,0.010064,3
606,0.010434,4
607,0.008874,2
608,0.008391,1
609,0.008377,1
610,0.007135,1
611,0.01041,3
612,0.010737,3
613,0.010377,2
614,0.011869,5
615,0.011667,4
616,0.008002,1
617,0.011774,4
618,0.009223,1
619,0.012322,5
620,0.009025,1
621,0.010963,2
622,0.010294,1
623,0.012326,4
624,0.016002,10
625,0.00974,1
626,0.011127,3
627,0.011602,3
628,0.010501,6
629,0.007278,1
630,0.007197,1
631,0.020597,9
632,0.018615,7
633,0.026066,1
634,0.025995,1
635,0.015493,2
636,0.014188,1
637,0.015653,3
638,0.026433,1
639,0.015622,2
640,0.019005,7
641,0.016151,3
642,0.023831,13
643,0.014689,1
644,0.015154,2
645,0.015795,1
646,0.020094,8
647,0.014597,1
648,0.01502,1
649,0.014822,1
650,0.015048,1
651,0.015518,1
652,0.016326,2
653,0.015326,1
654,0.016885,2
655,0.015231,1
656,0.015971,2
657,0.015353,1
658,0.014914,1
659,0.015398,1
660,0.016048,2
661,0.016967,3
662,0.017282,4
663,0.017202,3
664,0.017272,2
665,0.017782,2
666,0.023771,8
667,0.018047,2
668,0.018041,2
669,0.016968,1
670,0.016639,1
671,0.020271,4
672,0.016945,1
673,0.016393,1
674,0.015544,1
675,0.015961,1
676,0.017798,5
677,0.014658,1
678,0.017101,4
679,0.017242,4
680,0.014719,1
681,0.015429,2
682,0.007541,1
683,0.010207,4
684,0.011511,6
685,0.008523,2
686,0.011054,3
687,0.009217,2
688,0.012363,6
689,0.011023,4
690,0.012821,7
691,0.008262,2
692,0.007739,1
693,0.009383,3
694,0.008226,1
695,0.014425,9
696,0.009021,2
697,0.014062,8
698,0.008931,2
699,0.008841,2
700,0.007956,1
701,0.009214,2
702,0.02881,1
703,0.008111,1
704,0.008044,1
705,0.007943,1
706,0.007818,1
707,0.007903,1
708,0.008823,1
709,0.008399,1
710,0.009895,2
711,0.008083,1
712,0.007675,1
713,0.007835,1
714,0.008807,2
715,0.013117,7
716,0.007992,1
717,0.009471,3
718,0.009077,1
719,0.00825,1
720,0.011586,6
721,0.008487,1
722,0.010818,4
723,0.009734,2
724,0.008671,1
725,0.008834,1
726,0.009133,1
727,0.010686,3
728,0.009365,1
729,0.011825,5
730,0.011236,4
731,0.009235,1
732,0.008765,1
733,0.009067,1
734,0.010712,3
735,0.009413,2
736,0.009725,2
737,0.008519,1
738,0.008631,1
739,0.009353,2
740,0.009732,1
741,0.010259,2
742,0.010305,2
743,0.011645,4
744,0.008377,1
745,0.009114,2
746,0.010945,4
747,0.009843,3
748,0.01151,5
749,0.012724,6
750,0.012029,5
751,0.008576,1
752,0.008836,1
753,0.008442,1
754,0.01225,5
755,0.009301,2
756,0.009771,1
757,0.0087,1
758,0.010407,2
759,0.010088,2
760,0.009236,1
761,0.00941,2
762,0.008584,1
763,0.008539,1
764,0.011018,2
765,0.008895,1
766,0.008913,1
767,0.009827,2
768,0.013551,7
769,0.01116,3
770,0.008676,1
771,0.009149,1
772,0.008784,1
773,0.009562,1
774,0.008854,1
775,0.00932,1
776,0.011697,3
777,0.008707,1
778,0.011245,4
779,0.010654,3
780,0.009571,2
781,0.008924,1
782,0.010261,3
783,0.009362,2
784,0.012454,4
785,0.009909,2
786,0.009875,1
787,0.012586,4
788,0.012331,3
789,0.011635,4
790,0.011323,3
791,0.01001,1
792,0.012079,2
793,0.011681,1
794,0.010685,1
795,0.011253,1
796,0.015427,5
797,0.013314,3
798,0.017194,8
799,0.012003,2
800,0.011217,1
801,0.00977,1
802,0.012817,2
803,0.011646,1
804,0.011871,1
805,0.011139,1
806,0.012197,1
807,0.013525,3
808,0.015375,5
809,0.012908,2
810,0.013157,3
811,0.013428,3
812,0.01472,4
813,0.011686,1
814,0.012869,2
815,0.013736,3
816,0.015208,5
817,0.012221,1
818,0.011604,1
819,0.014946,4
820,0.013485,3
821,0.01172,1
822,0.012601,2
823,0.013459,2
824,0.012794,2
825,0.014337,3
826,0.015461,3
827,0.014671,2
828,0.013497,1
829,0.014398,1
830,0.014415,1
831,0.017448,4
832,0.015892,8
833,0.010194,2
834,0.010934,2
835,0.019825,6
836,0.010617,2
837,0.009689,1
838,0.0103,2
839,0.013626,5
840,0.010133,1
841,0.009025,1
842,0.009171,1
843,0.010164,2
844,0.010283,2
845,0.010537,2
846,0.01052,2
847,0.01024,2
848,0.009007,1
849,0.010508,2
850,0.011395,3
851,0.013217,6
852,0.010171,2
853,0.012144,4
854,0.014751,7
855,0.009188,1
856,0.010267,2
857,0.009012,1
858,0.009137,1
859,0.008894,1
860,0.009237,1
861,0.010073,2
862,0.009366,1
863,0.010353,2
864,0.010908,2
865,0.015083,7
866,0.010311,2
867,0.010011,1
868,0.014176,3
869,0.013062,1
870,0.016218,4
871,0.012558,2
872,0.011958,1
873,0.012561,2
874,0.016517,7
875,0.011415,2
876,0.010699,1
877,0.010774,2
878,0.010369,1
879,0.010042,2
880,0.012135,4
881,0.024463,3
882,0.022996,1
883,0.022891,1
884,0.023584,1
885,0.025525,3
886,0.024393,2
887,0.025473,2
888,0.035539,1
889,0.035634,1
890,0.036103,1
891,0.025894,2
892,0.036236,1
893,0.036696,1
894,0.026435,3
895,0.026087,2
896,0.027131,3
897,0.027277,3
898,0.024672,1
899,0.028493,5
900,0.027509,5
901,0.026964,3
902,0.02421,1
903,0.025081,1
904,0.025149,2
905,0.030918,6
906,0.03234,7
907,0.031951,6
908,0.027135,2
909,0.028042,2
910,0.02604,1
911,0.027151,2
912,0.027501,2
913,0.032303,5
914,0.02828,2
915,0.029811,4
916,0.028983,4
917,0.028516,2
918,0.010601,1
919,0.010024,1
920,0.010828,2
921,0.011234,3
922,0.010273,1
923,0.011009,1
924,0.040245,1
925,0.040296,1
926,0.012943,3
927,0.011505,1
928,0.017274,7
929,0.011434,1
930,0.011108,1
931,0.039092,1
932,0.013691,3
933,0.013506,4
934,0.012177,2
935,0.01245,2
936,0.012502,2
937,0.013002,3
938,0.010867,1
939,0.01049,1
940,0.00988,1
941,0.010262,1
942,0.010133,1
943,0.011506,2
944,0.014812,5
945,0.010984,1
946,0.010735,2
947,0.010732,1
948,0.01055,1
949,0.00945,1
950,0.009756,1
951,0.009887,1
952,0.013317,4
953,0.010701,2
954,0.012738,4
955,0.009902,1
956,0.011203,2
957,0.012708,3
958,0.010862,1
959,0.012038,1
960,0.015084,4
961,0.013816,3
962,0.012579,1
963,0.014994,2
964,0.012872,1
965,0.018006,8
966,0.012349,2
967,0.011747,2
968,0.011141,1
969,0.01141,1
970,0.012546,1
971,0.013965,2
972,0.014863,4
973,0.015405,5
974,0.015209,5
975,0.013584,3
976,0.011816,1
977,0.01483,4
978,0.011934,1
979,0.011327,1
980,0.013993,4
981,0.010344,1
982,0.012662,3
983,0.010824,1
984,0.01163,2
985,0.015051,5
986,0.010238,1
987,0.017254,7
988,0.013075,2
989,0.011889,1
990,0.013565,2
991,0.01222,1
992,0.011721,1
993,0.014619,5
994,0.011443,2
995,0.012186,2
996,0.014635,4
997,0.018359,7
998,0.012913,3
999,0.013507,4
1000,0.011546,2
1001,0.011192,1
1002,0.015322,5
1003,0.012768,3
1004,0.012816,1
1005,0.014513,1
1006,0.010377,1
1007,0.011306,1
1008,0.013238,3
1009,0.011671,1
1010,0.010997,1
1011,0.010497,1
1012,0.01049,1
1013,0.017185,6
1014,0.015379,4
1015,0.041367,1
1016,0.011465,1
1017,0.010828,1
1018,0.010891,1
1019,0.013907,2
1020,0.01306,1
1021,0.012399,1
1022,0.012707,1
1023,0.01188,2
1024,0.010516,1
1025,0.010889,1
1026,0.012188,2
1027,0.01238,2
1028,0.012524,1
1029,0.013702,1
1030,0.013768,1
1031,0.014371,2
1032,0.014911,2
1033,0.01387,1
1034,0.016994,4
1035,0.019216,6
1036,0.016951,3
1037,0.01392,1
1038,0.013807,1
1039,0.012304,1
1040,0.01267,1
1041,0.012547,1
1042,0.011554,1
1043,0.011862,1
1044,0.011531,1
1045,0.013947,3
1046,0.012607,2
1047,0.011603,1
1048,0.011974,1
1049,0.013007,2
1050,0.010597,1
1051,0.012667,2
1052,0.013554,2
1053,0.01285,2
1054,0.013081,1
1055,0.014429,2
1056,0.01481,4
1057,0.013351,1
1058,0.011728,1
1059,0.016773,5
1060,0.012459,1
1061,0.011667,1
1062,0.012131,1
1063,0.01239,1
1064,0.012614,1
1065,0.013472,1
1066,0.013994,2
1067,0.012578,1
1068,0.017357,4
1069,0.012834,1
1070,0.015375,2
1071,0.015707,1
1072,0.014305,3
1073,0.016716,2
1074,0.012089,1
1075,0.014034,2
1076,0.022918,10
1077,0.012162,1
1078,0.012899,1
1079,0.011793,1
1080,0.011935,1
1081,0.015186,4
1082,0.011534,1
1083,0.012118,1
1084,0.011978,1
1085,0.014678,2
1086,0.014088,1
1087,0.013164,2
1088,0.013624,1
1089,0.01231,1
1090,0.012719,1
1091,0.012827,1
1092,0.013855,2
1093,0.012993,1
1094,0.011257,1
1095,0.011471,1
1096,0.011707,1
1097,0.011436,1
1098,0.011135,1
1099,0.012709,2
1100,0.013373,2
1101,0.015497,3
1102,0.015668,4
1103,0.012135,2
1104,0.015922,4
1105,0.013352,2
1106,0.017214,4
1107,0.015547,2
1108,0.017527,3
1109,0.018162,4
1110,0.019893,5
1111,0.015079,1
1112,0.015788,2
1113,0.016218,2
1114,0.014616,1
1115,0.026226,10
1116,0.024917,10
1117,0.016013,2
1118,0.016102,2
1119,0.014721,1
1120,0.01546,2
1121,0.017162,3
1122,0.015203,1
1123,0.015278,1
1124,0.014945,1
1125,0.018013,3
1126,0.018852,4
1127,0.02413,8
1128,0.020396,5
1129,0.014391,1
1130,0.014622,1
1131,0.014407,1
1132,0.014358,1
1133,0.046179,10
1134,0.03583,1
1135,0.03245,1
1136,0.031979,1
1137,0.033735,2
1138,0.035353,2
1139,0.034094,2
1140,0.032176,1
1141,0.033482,1
1142,0.033581,1
1143,0.01303,3
1144,0.010372,1
1145,0.010035,1
1146,0.01372,3
1147,0.012269,2
1148,0.034694,3
1149,0.036274,4
1150,0.036025,4
1151,0.035383,3
1152,0.041291,7
1153,0.034743,3
1154,0.036927,4
1155,0.038913,5
1156,0.04428,9
1157,0.012602,1
1158,0.01333,2
1159,0.014132,2
1160,0.014299,2
1161,0.015072,2
1162,0.012773,1
1163,0.01659,4
1164,0.022894,9
1165,0.013357,1
1166,0.012797,1
1167,0.016151,4
1168,0.015787,3
1169,0.012554,1
1170,0.012436,1
1171,0.012748,1
1172,0.012559,1
1173,0.014133,2
1174,0.013672,1
1175,0.012633,1
1176,0.012839,1
1177,0.014163,2
1178,0.012532,1
1179,0.013753,2
1180,0.015677,3
1181,0.015153,2
1182,0.011521,1
1183,0.013618,2
1184,0.016263,2
1185,0.016412,4
1186,0.015911,4
1187,0.016985,5
1188,0.012127,1
1189,0.012306,1
1190,0.018357,6
1191,0.017492,3
1192,0.014701,1
1193,0.012205,1
1194,0.014452,2
1195,0.012922,1
1196,0.014292,2
1197,0.01591,3
1198,0.012847,1
1199,0.012202,1
1200,0.014589,3
1201,0.015617,4
1202,0.019371,5
1203,0.018168,6
1204,0.015199,3
1205,0.012747,1
1206,0.017189,4
1207,0.012483,1
1208,0.025272,11
1209,0.012939,1
1210,0.015578,3
1211,0.015225,3
1212,0.012576,1
1213,0.013381,2
1214,0.017479,5
1215,0.013002,1
1216,0.013268,1
1217,0.012753,1
1218,0.013421,1
1219,0.013752,2
1220,0.012815,1
1221,0.018208,5
1222,0.014651,1
1223,0.014034,2
1224,0.012981,1
1225,0.012881,1
1226,0.013581,2
1227,0.012205,1
1228,0.014032,2
1229,0.016008,2
1230,0.015975,4
1231,0.022121,8
1232,0.016983,3
1233,0.016198,4
1234,0.018244,5
1235,0.013154,1
1236,0.050069,1
1237,0.013715,1
1238,0.013702,1
1239,0.01345,1
1240,0.016293,3
1241,0.019394,5
1242,0.014048,2
1243,0.013922,1
1244,0.015945,2
1245,0.014943,2
1246,0.019277,5
1247,0.014912,1
1248,0.015064,2
1249,0.016651,3
1250,0.019127,3
1251,0.015945,2
1252,0.014822,1
1253,0.014045,1
1254,0.019467,4
1255,0.023084,6
1256,0.017381,2
1257,0.016108,2
1258,0.015588,2
1259,0.021322,6
1260,0.015387,2
1261,0.018579,4
1262,0.017257,2
1263,0.017268,3
1264,0.014755,1
1265,0.023693,8
1266,0.017231,2
1267,0.01901,4
1268,0.015612,1
1269,0.01692,2
1270,0.035278,16
1271,0.01618,2
1272,0.015035,1
1273,0.019332,4
1274,0.015698,2
1275,0.016041,2
1276,0.014322,1
1277,0.020391,5
1278,0.014799,1
1279,0.014832,1
1280,0.015248,1
1281,0.015778,1
1282,0.015484,1
1283,0.01784,2
1284,0.014884,2
1285,0.013164,1
1286,0.013522,1
1287,0.013023,1
1288,0.013948,2
1289,0.0156,2
1290,0.016754,3
1291,0.014572,2
1292,0.018892,5
1293,0.022479,7
1294,0.013254,1
1295,0.016384,3
1296,0.012952,1
1297,0.016927,4
1298,0.014394,2
1299,0.012396,1
1300,0.013008,1
1301,0.014492,2
1302,0.027342,11
1303,0.01487,2
1304,0.019387,6
1305,0.01348,1
1306,0.013306,1
1307,0.013718,1
1308,0.014574,2
1309,0.015548,2
1310,0.014906,2
1311,0.013816,1
1312,0.013888,1
1313,0.014691,1
1314,0.014659,1
1315,0.015031,1
1316,0.017541,2
1317,0.015478,1
1318,0.02264,6
1319,0.022352,6
1320,0.016614,2
1321,0.01452,1
1322,0.020071,5
1323,0.023924,6
1324,0.014904,1
1325,0.015773,1
1326,0.017578,2
1327,0.016938,2
1328,0.021608,4
1329,0.015723,1
1330,0.018459,3
1331,0.018632,3
1332,0.015375,1
1333,0.017808,3
1334,0.018122,3
1335,0.031367,11
1336,0.027025,7
1337,0.031868,10
1338,0.018752,1
1339,0.017306,4
1340,0.023544,3
1341,0.020561,1
1342,0.032974,10
1343,0.014533,2
1344,0.016699,3
1345,0.013839,1
1346,0.01604,3
1347,0.013431,1
1348,0.022134,7
1349,0.017673,4
1350,0.023349,8
1351,0.01776,4
1352,0.018925,5
1353,0.053627,1
1354,0.05404,1
1355,0.054408,1
1356,0.054712,1
1357,0.054917,1
1358,0.054537,1
1359,0.054155,1
1360,0.053776,1
1361,0.053939,1
1362,0.054358,1
1363,0.054094,1
1364,0.053722,1
1365,0.054357,1
1366,0.05379,1
1367,0.054419,1
1368,0.054972,1
1369,0.054186,1
1370,0.054619,1
1371,0.017036,3
1372,0.013463,1
1373,0.020342,5
1374,0.014752,2
1375,0.014763,2
1376,0.013727,1
1377,0.056236,1
1378,0.013874,1
1379,0.013499,1
1380,0.015558,2
1381,0.015016,1
1382,0.014765,1
1383,0.01429,1
1384,0.016095,2
1385,0.017816,4
1386,0.016262,2
1387,0.014788,1
1388,0.015575,1
1389,0.013355,1
1390,0.065337,1
1391,0.014476,1
1392,0.015457,2
1393,0.015391,1
1394,0.02099,5
1395,0.015181,1
1396,0.01629,2
1397,0.017036,2
1398,0.025047,6
1399,0.02214,4
1400,0.020718,2
1401,0.022,2
1402,0.018343,1
1403,0.023203,3
1404,0.019602,1
1405,0.014755,1
1406,0.01609,2
1407,0.014665,1
1408,0.016908,2
1409,0.016641,2
1410,0.016695,2
1411,0.014676,1
1412,0.014752,1
1413,0.022305,6
1414,0.014557,1
1415,0.016542,2
1416,0.017093,3
1417,0.017108,3
1418,0.019652,3
1419,0.014645,1
1420,0.014138,1
1421,0.024358,7
1422,0.019068,4
1423,0.0171,3
1424,0.021222,5
1425,0.019066,4
1426,0.016274,2
1427,0.017529,2
1428,0.01901,3
1429,0.017912,3
1430,0.023017,5
1431,0.015154,1
1432,0.015245,1
1433,0.014827,1
1434,0.023922,7
1435,0.014843,1
1436,0.018362,2
1437,0.015582,1
1438,0.022289,6
1439,0.016648,2
1440,0.018312,3
1441,0.022946,6
1442,0.017808,3
1443,0.022408,6
1444,0.016235,1
1445,0.017238,2
1446,0.020431,5
1447,0.014476,1
1448,0.016118,2
1449,0.020695,4
1450,0.018272,1
1451,0.018313,3
1452,0.014327,1
1453,0.015037,1
1454,0.020977,5
1455,0.023868,7
1456,0.01499,1
1457,0.016907,2
1458,0.016143,1
1459,0.014829,1
1460,0.015081,1
1461,0.016036,2
1462,0.018463,3
1463,0.015262,1
1464,0.017128,2
1465,0.017285,2
1466,0.019363,3
1467,0.015361,1
1468,0.01772,2
1469,0.025545,6
1470,0.04482,19
1471,0.015664,1
1472,0.020529,4
1473,0.014777,1
1474,0.018223,2
1475,0.023511,6
1476,0.023252,6
1477,0.032147,11
1478,0.022062,5
1479,0.021917,5
1480,0.016717,2
1481,0.018926,2
1482,0.018147,1
1483,0.019073,1
1484,0.022265,3
1485,0.020431,2
1486,0.021579,2
1487,0.01738,2
1488,0.018696,2
1489,0.019694,3
1490,0.025342,4
1491,0.017338,2
1492,0.020336,4
1493,0.019743,1
1494,0.015976,1
1495,0.017683,2
1496,0.019087,3
1497,0.021979,2
1498,0.015418,1
1499,0.015325,1
1500,0.01895,3
1501,0.016801,2
1502,0.016744,2
1503,0.018246,3
1504,0.015077,1
1505,0.023311,1
1506,0.027255,3
1507,0.01558,1
1508,0.015693,1
1509,0.015761,1
1510,0.014103,1
1511,0.017962,3
1512,0.016146,1
1513,0.016797,1
1514,0.016017,2
1515,0.018202,2
1516,0.014092,1
1517,0.01799,3
1518,0.020885,5
1519,0.015685,2
1520,0.017141,3
1521,0.016136,2
1522,0.018231,3
1523,0.018017,3
1524,0.016059,1
1525,0.015639,1
1526,0.0182,2
1527,0.018763,3
1528,0.018632,3
1529,0.018873,2
1530,0.018203,1
1531,0.017804,1
1532,0.021106,3
1533,0.02397,3
1534,0.029781,7
1535,0.016914,1
1536,0.022889,2
1537,0.021519,1
1538,0.023712,6
1539,0.016384,2
1540,0.017723,3
1541,0.020796,3
1542,0.018891,2
1543,0.027607,5
1544,0.023823,5
1545,0.018413,1
1546,0.023234,4
1547,0.019339,2
1548,0.019883,1
1549,0.023028,2
1550,0.024903,1
1551,0.022704,6
1552,0.023372,6
1553,0.014716,1
1554,0.015225,1
1555,0.019565,4
1556,0.018316,3
1557,0.019705,4
1558,0.015316,1
1559,0.016774,2
1560,0.014719,1
1561,0.015676,1
1562,0.01632,1
1563,0.018914,3
1564,0.016174,1
1565,0.016554,1
1566,0.022781,5
1567,0.015246,1
1568,0.015993,1
1569,0.015353,1
1570,0.017002,2
1571,0.017211,2
1572,0.01794,3
1573,0.020132,3
1574,0.021293,4
1575,0.021592,4
1576,0.015723,1
1577,0.018267,1
1578,0.018884,3
1579,0.02312,5
1580,0.020208,3
1581,0.016834,2
1582,0.016901,2
1583,0.016976,2
1584,0.020542,4
1585,0.015625,1
1586,0.016648,1
1587,0.020548,2
1588,0.02039,2
1589,0.018638,2
1590,0.017414,1
1591,0.017583,1
1592,0.019106,2
1593,0.017448,1
1594,0.015473,1
1595,0.017611,2
1596,0.021122,4
1597,0.015869,1
1598,0.024339,6
1599,0.016135,1
1600,0.017524,2
1601,0.019742,3
1602,0.016101,1
1603,0.01613,1
1604,0.01827,2
1605,0.016393,1
1606,0.017328,1
1607,0.016818,1
1608,0.016494,1
1609,0.018664,2
1610,0.017187,1
1611,0.020314,1
1612,0.015735,1
1613,0.017492,2
1614,0.022003,4
1615,0.020883,3
1616,0.015511,1
1617,0.018275,1
1618,0.022041,3
1619,0.019378,3
1620,0.021354,4
1621,0.017663,2
1622,0.016301,1
1623,0.016573,1
1624,0.016804,1
1625,0.022889,4
1626,0.017101,1
1627,0.018003,1
1628,0.017277,1
1629,0.022901,4
1630,0.018899,2
1631,0.018499,1
1632,0.022381,3
1633,0.019038,2
1634,0.020304,3
1635,0.023049,5
1636,0.018856,2
1637,0.021086,4
1638,0.016874,1
1639,0.020335,2
1640,0.030433,7
1641,0.018475,1
1642,0.019576,1
1643,0.021075,2
1644,0.021844,3
1645,0.017933,1
1646,0.017133,1
1647,0.021673,3
1648,0.02028,2
1649,0.023683,3
1650,0.021291,1
1651,0.02793,6
1652,0.023913,3
1653,0.01883,1
1654,0.020689,2
1655,0.03133,8
1656,0.019349,2
1657,0.017631,1
1658,0.023454,4
1659,0.02013,2
1660,0.02428,4
1661,0.019701,1
1662,0.021555,1
1663,0.022641,2
1664,0.017898,1
1665,0.021624,2
1666,0.01959,2
1667,0.018042,1
1668,0.019104,1
1669,0.019952,2
1670,0.03089,6
1671,0.023805,3
1672,0.039054,10
1673,0.031199,6
1674,0.021123,1
1675,0.021319,1
1676,0.021062,1
1677,0.022442,1
1678,0.021375,1
1679,0.019774,3
1680,0.019391,2
1681,0.016287,1
1682,0.017045,1
1683,0.017001,1
1684,0.038476,9
1685,0.017913,1
1686,0.020999,2
1687,0.019963,3
1688,0.016617,1
1689,0.016609,1
1690,0.01671,1
1691,0.018097,2
1692,0.01995,3
1693,0.020439,3
1694,0.018612,2
1695,0.021604,3
1696,0.018381,1
1697,0.01741,1
1698,0.01931,2
1699,0.022642,4
1700,0.018563,2
1701,0.021308,3
1702,0.02257,3
1703,0.020652,1
1704,0.016366,1
1705,0.020295,3
1706,0.017083,1
1707,0.016606,1
1708,0.021982,4
1709,0.016856,1
1710,0.025653,6
1711,0.020435,2
1712,0.018589,2
1713,0.034684,11
1714,0.030562,6
1715,0.019434,1
1716,0.017071,1
1717,0.020257,1
1718,0.022099,3
1719,0.018371,1
1720,0.021668,1
1721,0.018026,1
1722,0.020491,2
1723,0.018319,1
1724,0.017151,1
1725,0.022457,4
1726,0.025938,5
1727,0.019836,2
1728,0.028621,6
1729,0.017435,1
1730,0.020408,2
1731,0.020785,2
1732,0.019427,2
1733,0.017078,1
1734,0.02056,3
1735,0.02039,2
1736,0.018491,1
1737,0.026361,6
1738,0.0209,2
1739,0.023132,4
1740,0.017234,1
1741,0.017407,1
1742,0.017044,1
1743,0.018125,1
1744,0.019575,1
1745,0.023444,3
1746,0.023922,3
1747,0.028309,6
1748,0.017401,1
1749,0.020834,3
1750,0.017727,1
1751,0.017907,1
1752,0.018411,1
1753,0.023402,3
1754,0.021149,2
1755,0.021158,2
1756,0.025175,4
1757,0.025921,5
1758,0.023974,3
1759,0.021498,2
1760,0.021899,2
1761,0.033968,9
1762,0.023479,3
1763,0.026862,3
1764,0.027175,2
1765,0.025351,1
1766,0.025506,1
1767,0.029372,3
1768,0.029342,2
1769,0.027743,2
1770,0.032,1
1771,0.034335,2
1772,0.026086,1
1773,0.025375,1
1774,0.028737,2
1775,0.025225,1
1776,0.028601,6
1777,0.019537,1
1778,0.019873,1
1779,0.019933,2
1780,0.017963,1
1781,0.023715,4
1782,0.021433,1
1783,0.02093,2
1784,0.050444,16
1785,0.039962,10
1786,0.029475,3
1787,0.025812,1
1788,0.031138,4
1789,0.029388,3
1790,0.029492,5
1791,0.017729,1
1792,0.020747,2
1793,0.021704,3
1794,0.024572,1
1795,0.032407,3
1796,0.027615,1
1797,0.028013,2
1798,0.041402,9
1799,0.033499,5
1800,0.035465,1
1801,0.036058,1
1802,0.027156,2
1803,0.019831,2
1804,0.019811,2
1805,0.018338,1
1806,0.030257,7
1807,0.018709,1
1808,0.02426,4
1809,0.021108,2
1810,0.018124,1
1811,0.018187,1
1812,0.018625,1
1813,0.024995,4
1814,0.032584,8
1815,0.018301,1
1816,0.018927,1
1817,0.022672,3
1818,0.02313,3
1819,0.031484,6
1820,0.029998,5
1821,0.028596,5
1822,0.072921,1
1823,0.072513,1
1824,0.02488,4
1825,0.01913,1
1826,0.021358,2
1827,0.024822,4
1828,0.02171,2
1829,0.026979,4
1830,0.022929,2
1831,0.020113,1
1832,0.022427,2
1833,0.018601,1
1834,0.021391,2
1835,0.018931,1
1836,0.019166,1
1837,0.024852,4
1838,0.019533,1
1839,0.02129,2
1840,0.018421,1
1841,0.018684,1
1842,0.020356,2
1843,0.020474,1
1844,0.019673,1
1845,0.02036,2
1846,0.020879,2
1847,0.02095,2
1848,0.023694,3
1849,0.01993,1
1850,0.020469,1
1851,0.023106,2
1852,0.019812,1
1853,0.021667,2
1854,0.025619,4
1855,0.021891,2
1856,0.023927,3
1857,0.022057,2
1858,0.020306,1
1859,0.020674,1
1860,0.021509,1
1861,0.024075,2
1862,0.022835,1
1863,0.028431,2
1864,0.042085,9
1865,0.031252,4
1866,0.035844,6
1867,0.045448,10
1868,0.040139,7
1869,0.028183,2
1870,0.02875,3
1871,0.027126,2
1872,0.030659,3
1873,0.029563,3
1874,0.032434,4
1875,0.03563,6
1876,0.023779,1
1877,0.029503,3
1878,0.027573,2
1879,0.027156,2
1880,0.026478,1
1881,0.026859,1
1882,0.038758,6
1883,0.029639,3
1884,0.023189,2
1885,0.019797,1
1886,0.021797,2
1887,0.019902,1
1888,0.020356,1
1889,0.026306,4
1890,0.020308,1
1891,0.019714,1
1892,0.020823,1
1893,0.031615,6
1894,0.022563,2
1895,0.021403,1
1896,0.027617,4
1897,0.023977,2
1898,0.022369,2
1899,0.028489,3
1900,0.025332,3
1901,0.025366,3
1902,0.022759,2
1903,0.019678,1
1904,0.033295,7
1905,0.021121,1
1906,0.035934,8
1907,0.022874,2
1908,0.022462,1
1909,0.023025,1
1910,0.023184,2
1911,0.026592,3
1912,0.031523,6
1913,0.023931,2
1914,0.031764,6
1915,0.022076,1
1916,0.021807,1
1917,0.025031,3
1918,0.028204,4
1919,0.027283,4
1920,0.025464,3
1921,0.026505,2
1922,0.025152,2
1923,0.024563,2
1924,0.0255,2
1925,0.02489,3
1926,0.020978,1
1927,0.025404,3
1928,0.021427,1
1929,0.020255,1
1930,0.02042,1
1931,0.024063,2
1932,0.028117,4
1933,0.024249,2
1934,0.026582,3
1935,0.027994,3
1936,0.022828,1
1937,0.022614,1
1938,0.022616,1
1939,0.028666,3
1940,0.041849,10
1941,0.020459,1
1942,0.022085,1
1943,0.021313,1
1944,0.022976,1
1945,0.024138,1
1946,0.025017,1
1947,0.030754,4
1948,0.026256,2
1949,0.026362,2
1950,0.032877,6
1951,0.02616,3
1952,0.024691,2
1953,0.025496,2
1954,0.0228,1
1955,0.027661,3
1956,0.027244,3
1957,0.02307,1
1958,0.03374,5
1959,0.031587,2
1960,0.02577,2
1961,0.021648,1
1962,0.021463,1
1963,0.026696,3
1964,0.024893,2
1965,0.023478,1
1966,0.023281,1
1967,0.02293,1
1968,0.021691,1
1969,0.025998,3
1970,0.037742,7
1971,0.028271,1
1972,0.028428,4
1973,0.026899,3
1974,0.025031,2
1975,0.024377,2
1976,0.023085,1
1977,0.023195,1
1978,0.02384,1
1979,0.031841,4
1980,0.028974,3
1981,0.029066,5
1982,0.03233,7
1983,0.019113,1
1984,0.019346,1
1985,0.02002,1
1986,0.019635,1
1987,0.019472,1
1988,0.019515,1
1989,0.019928,1
1990,0.02302,2
1991,0.020783,1
1992,0.024219,1
1993,0.024569,1
1994,0.024275,3
1995,0.020619,1
1996,0.021552,1
1997,0.022654,2
1998,0.02498,3
1999,0.026683,4
2000,0.029626,4
2001,0.022986,2
2002,0.020704,1
2003,0.026907,4
2004,0.027201,3
2005,0.024018,2
2006,0.021543,1
2007,0.027579,4
2008,0.025074,2
2009,0.024036,2
2010,0.021291,1
2011,0.020684,1
2012,0.033938,7
2013,0.029349,4
2014,0.025836,2
2015,0.022902,2
2016,0.023733,2
2017,0.023065,1
2018,0.067,18
2019,0.021392,1
2020,0.025071,2
2021,0.02677,3
2022,0.037085,7
2023,0.031432,4
2024,0.025993,2
2025,0.024632,1
2026,0.020635,1
2027,0.022494,2
2028,0.020454,1
2029,0.02306,2
2030,0.021839,1
2031,0.029977,5
2032,0.022866,2
2033,0.022535,2
2034,0.023852,2
2035,0.020662,1
2036,0.024649,3
2037,0.019815,1
2038,0.020597,1
2039,0.023604,2
2040,0.021406,1
2041,0.028054,4
2042,0.02226,2
2043,0.02444,2
2044,0.021655,1
2045,0.020556,1
2046,0.02348,2
2047,0.020352,1
2048,0.021258,1
2049,0.021237,1
2050,0.021794,1
2051,0.021671,1
2052,0.025367,3
2053,0.020312,1
2054,0.023266,2
2055,0.02005,1
2056,0.021324,1
2057,0.020462,1
2058,0.031238,4
2059,0.023291,2
2060,0.021393,1
2061,0.027869,4
2062,0.023428,1
2063,0.027384,2
2064,0.029387,4
2065,0.035345,7
2066,0.023977,2
2067,0.038249,8
2068,0.027109,4
2069,0.029515,5
2070,0.026247,1
2071,0.031679,3
2072,0.029734,3
2073,0.036793,4
2074,0.041948,6
2075,0.031808,3
2076,0.030975,3
2077,0.026783,1
2078,0.025479,1
2079,0.028304,2
2080,0.02834,2
2081,0.034937,4
2082,0.053536,13
2083,0.037778,5
2084,0.038617,6
2085,0.027116,1
2086,0.052531,11
2087,0.026613,1
2088,0.029489,2
2089,0.030969,2
2090,0.029188,1
2091,0.031273,2
2092,0.030214,2
2093,0.028409,2
2094,0.030758,1
2095,0.037479,3
2096,0.035525,3
2097,0.032951,1
2098,0.039941,3
2099,0.032655,2
2100,0.035586,3
2101,0.030178,1
2102,0.037742,4
2103,0.031529,1
2104,0.034709,2
2105,0.033991,2
2106,0.040771,3
2107,0.031794,1
2108,0.03627,3
2109,0.040903,5
2110,0.032091,1
2111,0.042345,6
2112,0.031916,1
2113,0.031404,1
2114,0.040271,4
2115,0.033781,2
2116,0.031968,1
2117,0.031417,1
2118,0.031612,1
2119,0.034009,2
2120,0.031575,1
2121,0.034447,2
2122,0.035852,2
2123,0.034721,1
2124,0.04147,4
2125,0.039998,3
2126,0.040598,3
2127,0.03656,1
2128,0.038184,2
2129,0.036535,1
2130,0.037667,1
2131,0.046549,4
2132,0.040529,2
2133,0.041187,1
2134,0.051597,5
2135,0.043557,3
2136,0.039223,1
2137,0.043149,3
2138,0.040709,2
2139,0.051394,5
2140,0.040459,2
2141,0.042867,2
2142,0.039039,1
2143,0.044852,3
2144,0.026234,3
2145,0.020971,1
2146,0.021927,1
2147,0.02732,3
2148,0.030952,5
2149,0.021104,1
2150,0.021418,1
2151,0.021649,1
2152,0.024338,2
2153,0.028408,4
2154,0.022011,1
2155,0.026354,2
2156,0.026693,2
2157,0.031372,4
2158,0.037074,7
2159,0.029288,4
2160,0.020729,1
2161,0.024035,2
2162,0.02112,1
2163,0.023504,2
2164,0.02147,1
2165,0.021085,1
2166,0.025252,2
2167,0.026521,3
2168,0.021899,1
2169,0.021443,1
2170,0.022535,1
2171,0.02283,1
2172,0.025602,1
2173,0.024505,1
2174,0.025436,1
2175,0.027691,1
2176,0.021583,1
2177,0.022377,1
2178,0.027173,1
2179,0.021803,1
2180,0.024935,2
2181,0.021737,1
2182,0.021268,1
2183,0.02246,1
2184,0.021683,1
2185,0.024434,2
2186,0.02237,1
2187,0.024156,2
2188,0.022218,1
2189,0.026292,3
2190,0.025403,2
2191,0.028704,4
2192,0.021928,1
2193,0.021374,1
2194,0.027427,3
2195,0.023861,2
2196,0.02163,1
2197,0.024766,2
2198,0.024166,1
2199,0.022351,1
2200,0.02464,2
2201,0.025111,2
2202,0.022353,1
2203,0.02775,3
2204,0.022825,1
2205,0.039346,8
2206,0.024667,2
2207,0.038568,8
2208,0.022608,1
2209,0.021919,1
2210,0.025483,2
2211,0.024749,2
2212,0.039333,6
2213,0.026461,1
2214,0.026015,1
2215,0.024693,1
2216,0.027225,3
2217,0.022204,1
2218,0.023995,1
2219,0.044481,10
2220,0.027532,3
2221,0.042499,8
2222,0.030271,4
2223,0.026707,2
2224,0.024014,1
2225,0.025239,1
2226,0.0243,1
2227,0.040532,7
2228,0.027675,2
2229,0.024444,1
2230,0.024439,1
2231,0.026477,1
2232,0.0251,1
2233,0.024516,2
2234,0.022511,1
2235,0.026975,3
2236,0.024699,1
2237,0.029507,3
2238,0.037178,6
2239,0.023817,1
2240,0.030445,3
2241,0.031063,3
2242,0.029449,1
2243,0.026278,1
2244,0.030976,1
2245,0.035378,3
2246,0.042488,5
2247,0.035528,3
2248,0.033379,1
2249,0.031359,1
2250,0.038511,1
2251,0.038874,1
2252,0.03115,1
2253,0.035671,1
2254,0.031429,1
2255,0.033905,2
2256,0.038841,2
2257,0.038254,2
2258,0.044657,2
2259,0.03717,1
2260,0.040959,3
2261,0.025987,1
2262,0.026644,1
2263,0.032363,3
2264,0.042107,3
2265,0.034063,4
2266,0.027421,1
2267,0.027398,1
2268,0.030567,2
2269,0.030292,1
2270,0.047441,4
2271,0.040443,1
2272,0.029487,1
2273,0.030574,1
2274,0.028889,1
2275,0.031135,2
2276,0.032905,3
2277,0.031332,1
2278,0.02906,1
2279,0.034877,4
2280,0.039097,6
2281,0.040908,6
2282,0.03051,1
2283,0.033652,3
2284,0.027482,1
2285,0.044923,7
2286,0.02726,1
2287,0.032597,3
2288,0.028827,1
2289,0.034428,3
2290,0.028668,1
2291,0.03153,2
2292,0.035903,3
2293,0.035047,2
2294,0.04696,9
2295,0.039959,6
2296,0.031051,2
2297,0.038318,5
2298,0.056719,13
2299,0.024813,1
2300,0.033256,3
2301,0.048224,9
2302,0.029172,3
2303,0.024982,1
2304,0.030732,2
2305,0.033796,4
2306,0.043898,7
2307,0.035693,5
2308,0.026734,2
2309,0.024621,1
2310,0.023333,1
2311,0.025794,2
2312,0.034465,5
2313,0.024624,2
2314,0.026368,1
2315,0.030649,2
2316,0.028483,1
2317,0.030715,3
2318,0.034121,3
2319,0.044508,7
2320,0.025214,2
2321,0.028447,3
2322,0.02693,2
2323,0.022868,1
2324,0.035834,6
2325,0.025103,1
2326,0.028414,2
2327,0.026457,2
2328,0.029655,2
2329,0.038176,5
2330,0.02315,1
2331,0.026059,2
2332,0.032186,4
2333,0.027079,2
2334,0.029202,3
2335,0.024819,1
2336,0.028162,2
2337,0.025936,1
2338,0.035043,4
2339,0.031842,3
2340,0.025754,1
2341,0.032486,2
2342,0.028351,2
2343,0.037073,5
2344,0.035105,3
2345,0.026086,1
2346,0.028701,1
2347,0.033865,3
2348,0.030245,2
2349,0.037298,6
2350,0.026434,1
2351,0.045391,6
2352,0.028208,2
2353,0.03509,1
2354,0.043209,4
2355,0.030949,3
2356,0.043578,4
2357,0.033255,4
2358,0.058864,10
2359,0.044887,8
2360,0.027311,2
2361,0.025559,1
2362,0.024932,1
2363,0.028532,2
2364,0.034552,4
2365,0.024779,1
2366,0.025582,1
2367,0.030385,3
2368,0.028497,2
2369,0.039692,5
2370,0.029689,2
2371,0.029022,1
2372,0.026117,1
2373,0.032031,3
2374,0.033286,1
2375,0.026549,1
2376,0.03316,3
2377,0.038905,3
2378,0.0406,4
2379,0.045875,6
2380,0.032219,1
2381,0.035403,4
2382,0.032269,3
2383,0.026503,1
2384,0.029522,2
2385,0.026028,1
2386,0.037793,5
2387,0.032757,1
2388,0.04132,3
2389,0.06621,6
2390,0.054303,2
2391,0.028124,2
2392,0.035477,3
2393,0.051989,1
2394,0.060468,3
2395,0.030132,2
2396,0.05873,4
2397,0.06592,3
2398,0.026158,1
2399,0.027807,2
2400,0.033958,4
2401,0.031059,3
2402,0.025462,1
2403,0.027977,1
2404,0.031228,2
2405,0.029069,1
2406,0.028696,1
2407,0.029342,1
2408,0.034938,3
2409,0.028669,1
2410,0.030412,1
2411,0.029778,1
2412,0.031117,1
2413,0.033145,2
2414,0.031899,2
2415,0.039985,5
2416,0.029662,1
2417,0.058151,11
2418,0.03093,1
2419,0.029219,1
2420,0.03179,2
2421,0.047774,8
2422,0.031797,2
2423,0.029405,2
2424,0.031262,3
2425,0.029987,2
2426,0.03125,3
2427,0.023192,1
2428,0.029401,2
2429,0.029426,2
2430,0.02402,1
2431,0.043984,8
2432,0.029706,2
2433,0.028185,1
2434,0.029069,1
2435,0.024148,1
2436,0.031583,3
2437,0.044281,8
2438,0.038558,6
2439,0.034103,4
2440,0.025275,1
2441,0.02475,1
2442,0.028366,2
2443,0.034578,4
2444,0.035246,5
2445,0.027551,1
2446,0.027696,1
2447,0.027974,1
2448,0.027932,1
2449,0.027845,1
2450,0.026064,1
2451,0.029508,2
2452,0.030529,2
2453,0.034715,4
2454,0.025635,1
2455,0.029538,2
2456,0.03624,4
2457,0.038841,4
2458,0.033097,3
2459,0.026335,1
2460,0.038336,5
2461,0.038429,3
2462,0.034141,1
2463,0.034206,1
2464,0.032895,1
2465,0.042432,2
2466,0.041827,1
2467,0.030125,2
2468,0.032242,3
2469,0.029342,2
2470,0.03345,1
2471,0.041016,2
2472,0.035827,3
2473,0.032702,2
2474,0.039709,1
2475,0.046291,2
2476,0.038827,5
2477,0.047391,2
2478,0.044652,1
2479,0.057589,5
2480,0.049334,4
2481,0.06328,8
2482,0.053951,5
2483,0.046186,2
2484,0.05101,3
2485,0.044396,1
2486,0.026886,1
2487,0.042064,6
2488,0.044775,1
2489,0.048876,2
2490,0.05725,4
2491,0.043815,1
2492,0.045534,1
2493,0.048735,1
2494,0.056009,3
2495,0.068068,7
2496,0.036149,5
2497,0.02625,1
2498,0.031048,2
2499,0.039631,4
2500,0.02477,1
2501,0.035661,3
2502,0.032593,2
2503,0.03249,2
2504,0.029708,1
2505,0.031033,2
2506,0.026141,1
2507,0.041802,5
2508,0.037835,5
2509,0.045179,7
2510,0.030223,2
2511,0.033471,3
2512,0.026194,1
2513,0.029408,2
2514,0.042964,6
2515,0.028872,2
2516,0.02531,1
2517,0.037413,5
2518,0.0308,3
2519,0.026661,1
2520,0.032724,3
2521,0.028099,1
2522,0.032273,3
2523,0.025914,1
2524,0.035891,2
2525,0.038893,3
2526,0.026729,1
2527,0.03756,1
2528,0.038191,2
2529,0.030984,3
2530,0.028789,2
2531,0.038468,5
2532,0.024607,1
2533,0.034331,4
2534,0.025882,1
2535,0.030703,3
2536,0.033456,4
2537,0.033222,3
2538,0.029442,2
2539,0.02998,2
2540,0.02937,1
2541,0.026622,1
2542,0.029612,2
2543,0.036105,4
2544,0.027987,2
2545,0.03005,2
2546,0.027086,1
2547,0.030252,2
2548,0.028549,1
2549,0.035117,1
2550,0.03183,1
2551,0.032845,3
2552,0.026014,1
2553,0.026629,1
2554,0.026178,1
2555,0.026143,1
2556,0.026508,1
2557,0.027798,1
2558,0.033167,3
2559,0.027834,2
2560,0.033978,4
2561,0.027247,1
2562,0.030651,2
2563,0.027823,1
2564,0.031229,2
2565,0.027624,1
2566,0.037368,3
2567,0.04711,6
2568,0.036838,1
2569,0.032497,1
2570,0.032348,1
2571,0.034859,1
2572,0.035273,1
2573,0.042719,2
2574,0.039286,1
2575,0.039964,1
2576,0.05452,6
2577,0.040036,1
2578,0.040574,1
2579,0.041802,1
2580,0.039528,1
2581,0.040791,1
2582,0.043652,2
2583,0.041376,1
2584,0.043492,1
2585,0.045045,1
2586,0.041003,1
2587,0.042318,1
2588,0.04422,2
2589,0.035524,1
2590,0.042091,1
2591,0.042775,1
2592,0.050239,3
2593,0.047259,2
2594,0.050467,1
2595,0.047437,1
2596,0.050787,1
2597,0.049798,3
2598,0.053387,4
2599,0.049651,1
2600,0.052475,2
2601,0.058983,4
2602,0.063167,6
2603,0.053082,2
2604,0.054346,3
2605,0.047881,1
2606,0.048292,1
2607,0.047437,1
2608,0.053912,3
2609,0.050108,1
2610,0.050206,1
2611,0.054002,2
2612,0.059821,4
2613,0.052255,1
2614,0.050293,1
2615,0.052539,1
2616,0.054775,1
2617,0.053645,1
2618,0.057807,3
2619,0.052003,1
2620,0.056297,2
2621,0.066855,5
2622,0.057836,2
2623,0.073001,7
2624,0.053675,2
2625,0.051835,1
2626,0.064519,5
2627,0.051193,1
2628,0.061151,4
2629,0.054804,1
2630,0.062648,3
2631,0.058157,2
2632,0.053562,1
2633,0.053902,1
2634,0.058389,2
2635,0.054931,1
2636,0.056539,1
2637,0.060048,2
2638,0.058838,1
2639,0.055221,1
2640,0.054381,1
2641,0.069297,5
2642,0.05755,2
2643,0.089909,12
2644,0.057958,2
2645,0.05809,2
2646,0.061008,2
2647,0.057981,1
2648,0.059342,1
2649,0.059626,1
2650,0.05976,1
2651,0.060747,1
2652,0.062281,2
2653,0.062657,2
2654,0.059265,1
2655,0.060047,1
2656,0.063932,2
2657,0.060322,1
2658,0.067929,3
2659,0.059141,1
2660,0.083693,10
2661,0.06363,1
2662,0.075027,3
2663,0.065823,1
2664,0.073206,4
2665,0.067145,2
2666,0.061535,2
2667,0.057537,1
2668,0.067323,3
2669,0.058391,1
2670,0.062233,2
2671,0.058135,1
2672,0.061228,2
2673,0.058809,1
2674,0.058347,1
2675,0.07455,6
2676,0.058561,1
2677,0.061089,2
2678,0.061327,1
2679,0.052365,1
2680,0.077105,9
2681,0.054306,2
2682,0.054345,2
2683,0.055447,2
2684,0.051102,1
2685,0.054985,2
2686,0.0549,2
2687,0.060617,4
2688,0.066901,6
2689,0.053359,1
2690,0.074859,9
2691,0.051724,2
2692,0.042559,1
2693,0.076365,8
2694,0.052241,6
2695,0.040995,1
2696,0.045652,2
2697,0.045781,2
2698,0.055969,5
2699,0.062515,5
2700,0.04456,2
2701,0.051153,1
2702,0.062005,2
2703,0.05893,1
2704,0.061989,2
2705,0.060517,1
2706,0.072018,5
2707,0.064105,3
2708,0.064187,3
2709,0.06814,4
2710,0.078202,7
2711,0.083082,9
2712,0.062152,2
2713,0.064182,2
2714,0.060295,1
2715,0.063583,2
2716,0.065922,2
2717,0.103283,13
2718,0.064003,1
2719,0.07199,4
2720,0.06297,1
2721,0.063989,2
2722,0.060325,1
2723,0.062499,1
2724,0.062268,1
2725,0.049256,3
2726,0.042373,1
2727,0.056066,5
2728,0.062098,6
2729,0.051795,4
2730,0.042419,1
2731,0.051739,4
2732,0.041666,1
2733,0.066086,2
2734,0.045528,2
2735,0.04603,2
2736,0.041399,1
2737,0.041827,1
2738,0.042873,1
2739,0.048946,3
2740,0.055736,5
2741,0.046023,1
2742,0.047142,1
2743,0.047578,1
2744,0.047086,1
2745,0.05056,1
2746,0.050841,1
2747,0.059276,2
2748,0.047859,1
2749,0.057424,2
2750,0.053226,1
2751,0.048405,1
2752,0.048759,1
2753,0.052595,2
2754,0.055165,3
2755,0.048748,1
2756,0.05838,1
2757,0.054295,2
2758,0.048924,1
2759,0.0504,1
2760,0.049283,1
2761,0.051583,1
2762,0.052575,1
2763,0.054391,1
2764,0.05441,1
2765,0.052684,1
2766,0.054565,1
2767,0.059088,4
2768,0.054225,2
2769,0.049378,1
2770,0.052355,2
2771,0.051856,2
2772,0.047961,1
2773,0.048286,1
2774,0.048955,1
2775,0.050123,1
2776,0.047346,2
2777,0.055406,3
2778,0.043423,1
2779,0.048873,2
2780,0.052613,4
2781,0.046295,1
2782,0.044353,1
2783,0.046024,1
2784,0.04613,1
2785,0.048611,1
2786,0.051417,1
2787,0.053454,1
2788,0.047118,1
2789,0.051171,1
2790,0.047439,1
2791,0.046454,2
2792,0.056388,3
2793,0.048638,1
2794,0.050238,1
2795,0.050699,1
2796,0.059656,2
2797,0.066509,4
2798,0.042669,1
2799,0.047009,2
2800,0.047952,2
2801,0.050772,3
2802,0.073499,10
2803,0.062716,7
2804,0.07225,9
2805,0.043191,1
2806,0.051508,2
2807,0.046919,1
2808,0.044071,1
2809,0.065215,7
2810,0.047736,2
2811,0.046607,2
2812,0.044007,1
2813,0.065094,7
2814,0.111836,21
2815,0.044264,1
2816,0.043385,1
2817,0.042678,1
2818,0.044038,1
2819,0.044871,1
2820,0.068029,7
2821,0.043228,1
2822,0.053458,4
2823,0.052945,2
2824,0.067898,3
2825,0.065324,1
2826,0.075569,4
2827,0.05684,3
2828,0.049261,1
2829,0.046321,2
2830,0.04357,1
2831,0.046498,1
2832,0.055605,3
2833,0.057106,4
2834,0.047087,1
2835,0.046784,1
2836,0.055884,4
2837,0.069909,7
2838,0.048888,1
2839,0.0502,2
2840,0.051746,1
2841,0.066725,5
2842,0.055248,3
2843,0.058121,2
2844,0.049277,2
2845,0.046733,1
2846,0.044333,1
2847,0.044317,1
2848,0.045601,1
2849,0.045479,1
2850,0.046814,1
2851,0.045229,1
2852,0.048482,2
2853,0.053056,3
2854,0.046785,1
2855,0.047283,1
2856,0.0531,3
2857,0.045119,1
2858,0.049495,2
2859,0.053008,3
2860,0.05268,3
2861,0.049777,2
2862,0.051396,2
2863,0.049121,1
2864,0.055242,1
2865,0.053002,2
2866,0.049461,1
2867,0.051801,1
2868,0.054942,2
2869,0.052371,1
2870,0.053381,1
2871,0.054489,2
2872,0.051566,1
2873,0.054958,2
2874,0.049979,1
2875,0.050488,1
2876,0.051177,1
2877,0.05961,3
2878,0.055761,4
2879,0.049777,2
2880,0.072644,8
2881,0.052835,2
2882,0.047881,1
2883,0.049926,1
2884,0.051964,2
2885,0.048292,1
2886,0.043811,1
2887,0.043508,1
2888,0.049281,2
2889,0.058773,4
2890,0.048048,2
2891,0.04849,1
2892,0.045606,1
2893,0.060705,3
2894,0.050606,1
2895,0.053954,1
2896,0.054869,2
2897,0.062234,4
2898,0.061684,4
2899,0.044745,1
2900,0.046141,1
2901,0.061646,4
2902,0.065736,4
2903,0.054196,1
2904,0.069411,4
2905,0.059332,3
2906,0.057798,3
2907,0.050613,2
2908,0.046764,1
2909,0.056388,3
2910,0.050248,2
2911,0.047324,1
2912,0.04764,1
2913,0.047698,1
2914,0.048068,1
2915,0.052642,2
2916,0.048106,1
2917,0.05541,3
2918,0.055662,2
2919,0.059308,3
2920,0.067091,4
2921,0.050917,2
2922,0.053517,1
2923,0.054263,1
2924,0.061248,1
2925,0.063783,4
2926,0.065667,1
2927,0.065226,2
2928,0.061374,1
2929,0.066035,2
2930,0.064106,1
2931,0.0684,2
2932,0.113878,14
2933,0.061721,1
2934,0.067954,1
2935,0.052694,1
2936,0.06306,1
2937,0.054405,1
2938,0.052295,1
2939,0.053999,1
2940,0.053177,1
2941,0.053454,1
2942,0.06732,4
2943,0.064399,4
2944,0.055092,1
2945,0.06874,1
2946,0.072681,2
2947,0.056537,1
2948,0.060854,2
2949,0.052083,1
2950,0.047684,1
2951,0.056409,3
2952,0.048635,1
2953,0.086497,11
2954,0.055606,3
2955,0.049839,1
2956,0.049803,1
2957,0.051516,2
2958,0.052667,1
2959,0.057659,3
2960,0.058304,3
2961,0.049427,1
2962,0.053484,2
2963,0.052165,1
2964,0.053057,1
2965,0.052905,1
2966,0.053543,1
2967,0.056119,1
2968,0.060963,3
2969,0.076274,7
2970,0.055703,1
2971,0.05517,1
2972,0.054525,1
2973,0.059432,2
2974,0.0496,1
2975,0.053553,1
2976,0.05546,1
2977,0.058044,1
2978,0.052365,1
2979,0.066975,5
2980,0.059738,2
2981,0.060332,1
2982,0.06409,1
2983,0.081284,5
2984,0.068141,2
2985,0.063048,2
2986,0.06929,3
2987,0.077504,5
2988,0.077173,6
2989,0.059352,1
2990,0.071643,3
2991,0.060542,1
2992,0.065901,2
2993,0.069642,4
2994,0.051933,1
2995,0.051457,1
2996,0.056969,2
2997,0.052847,1
2998,0.05205,1
2999,0.051672,1
3000,0.052282,1
3001,0.060799,3
3002,0.053519,1
3003,0.068149,4
3004,0.131845,2
3005,0.097358,2
3006,0.092846,1
3007,0.108227,3
3008,0.102955,2
3009,0.109095,1
3010,0.08302,2
3011,0.060161,1
3012,0.064489,1
3013,0.067914,1
3014,0.081354,4
3015,0.068846,1
3016,0.072262,1
3017,0.093177,3
3018,0.112049,7
3019,0.123581,10
3020,0.086469,2
3021,0.080556,1
3022,0.082162,1
3023,0.087677,2
3024,0.098473,3
3025,0.079788,1
3026,0.087355,2
3027,0.087055,2
3028,0.086813,2
3029,0.091949,6
3030,0.082389,2
3031,0.069041,1
3032,0.06919,1
3033,0.072162,1
3034,0.060247,1
3035,0.061095,2
3036,0.055373,1
3037,0.060387,2
3038,0.062412,2
3039,0.055516,1
3040,0.055402,1
3041,0.05877,1
3042,0.063637,2
3043,0.073402,4
3044,0.066587,3
3045,0.063725,1
3046,0.068857,2
3047,0.074804,3
3048,0.067259,2
3049,0.062952,1
3050,0.062791,1
3051,0.06856,2
3052,0.073593,3
3053,0.09635,6
3054,0.060273,1
3055,0.077639,1
3056,0.062142,1
3057,0.060346,1
3058,0.067463,2
3059,0.069475,3
3060,0.056364,1
3061,0.063324,2
3062,0.073201,3
3063,0.065251,1
3064,0.070373,2
3065,0.074775,3
3066,0.064896,1
3067,0.069098,2
3068,0.08896,2
3069,0.066328,1
3070,0.06332,1
3071,0.078443,6
3072,0.077183,5
3073,0.05488,1
3074,0.055282,1
3075,0.056257,1
3076,0.057568,1
3077,0.057755,1
3078,0.059355,1
3079,0.072522,3
3080,0.060323,1
3081,0.068988,3
3082,0.059159,1
3083,0.059187,1
3084,0.059512,1
3085,0.060559,1
3086,0.069926,2
3087,0.075555,3
3088,0.067521,2
3089,0.067943,2
3090,0.156231,20
3091,0.072337,2
3092,0.074904,2
3093,0.067592,1
3094,0.078252,3
3095,0.085002,4
3096,0.062229,2
3097,0.059515,1
3098,0.05041,1
3099,0.084468,7
3100,0.069513,2
3101,0.065413,1
3102,0.058095,1
3103,0.054175,1
3104,0.066456,1
3105,0.066547,1
3106,0.07533,2
3107,0.03011,1
3108,0.035388,2
3109,0.050627,4
3110,0.034353,1
3111,0.030152,1
3112,0.02999,1
3113,0.037095,1
3114,0.047537,3
3115,0.036669,1
3116,0.041953,2
3117,0.054235,4
3118,0.081441,4
3119,0.070242,3
3120,0.074267,1
3121,0.036544,1
3122,0.04497,2
3123,0.041655,2
3124,0.11967,18
3125,0.036303,1
3126,0.04797,3
3127,0.049278,3
3128,0.047279,3
3129,0.036961,1
3130,0.037653,1
3131,0.03713,1
3132,0.042427,2
3133,0.044289,2
3134,0.055209,4
3135,0.037348,2
3136,0.093383,11
3137,0.041628,3
3138,0.080672,11
3139,0.032048,1
3140,0.042547,3
3141,0.041852,3
3142,0.04818,4
3143,0.031766,1
3144,0.032946,1
3145,0.046557,4
3146,0.032489,1
3147,0.050448,4
3148,0.035634,1
3149,0.036313,1
3150,0.035228,1
3151,0.05998,5
3152,0.035842,1
3153,0.035121,1
3154,0.036897,1
3155,0.033297,1
3156,0.036128,1
3157,0.045875,3
3158,0.043642,2
3159,0.046703,2
3160,0.040272,1
3161,0.051187,3
3162,0.04216,1
3163,0.048843,2
3164,0.049553,1
3165,0.049463,2
3166,0.073023,7
3167,0.046845,2
3168,0.035423,1
3169,0.035004,1
3170,0.056829,6
3171,0.036655,2
3172,0.036407,2
3173,0.071437,10
3174,0.040865,3
3175,0.047465,4
3176,0.035461,2
3177,0.034905,1
3178,0.04055,2
3179,0.039249,2
3180,0.073893,9
3181,0.030583,1
3182,0.038571,3
3183,0.052729,6
3184,0.033298,1
3185,0.035371,2
3186,0.039167,3
3187,0.034109,2
3188,0.03756,2
3189,0.028484,1
3190,0.03717,3
3191,0.040752,2
3192,0.036928,2
3193,0.034875,1
3194,0.045766,3
3195,0.030876,1
3196,0.035243,1
3197,0.031562,1
3198,0.03187,1
3199,0.050172,5
3200,0.030477,1
3201,0.03638,2
3202,0.035633,2
3203,0.049291,5
3204,0.030512,1
3205,0.062816,8
3206,0.031596,1
3207,0.034401,1
3208,0.039417,2
3209,0.053342,5
3210,0.059545,4
3211,0.030386,1
3212,0.030413,1
3213,0.030916,1
3214,0.031838,1
3215,0.036756,2
3216,0.046883,2
3217,0.06431,8
3218,0.079551,12
3219,0.032935,1
3220,0.075771,9
3221,0.038775,2
3222,0.060552,2
3223,0.041606,3
3224,0.037226,2
3225,0.040334,2
3226,0.052405,4
3227,0.048967,4
3228,0.038004,2
3229,0.037712,1
3230,0.040253,1
3231,0.036267,1
3232,0.040823,2
3233,0.039631,2
3234,0.036864,1
3235,0.036789,1
3236,0.064107,7
3237,0.038248,1
3238,0.049163,4
3239,0.040273,2
3240,0.038963,1
3241,0.044195,3
3242,0.046138,3
3243,0.036606,1
3244,0.041608,1
3245,0.053919,5
3246,0.043151,3
3247,0.035318,1
3248,0.04245,2
3249,0.051435,2
3250,0.06304,7
3251,0.044886,2
3252,0.04734,1
3253,0.045015,1
3254,0.049,2
3255,0.05358,3
3256,0.050119,1
3257,0.036874,1
3258,0.050501,4
3259,0.035747,1
3260,0.036588,1
3261,0.030608,1
3262,0.055307,6
3263,0.031844,1
3264,0.032117,1
3265,0.03204,1
3266,0.033263,1
3267,0.033037,1
3268,0.04288,3
3269,0.043421,3
3270,0.035634,2
3271,0.041711,3
3272,0.045032,4
3273,0.040954,2
3274,0.042867,1
3275,0.043166,1
3276,0.057702,4
3277,0.058113,5
3278,0.051275,3
3279,0.064939,6
3280,0.074023,8
3281,0.046796,2
3282,0.049201,2
3283,0.045414,2
3284,0.042474,1
3285,0.040315,1
3286,0.045399,1
3287,0.058788,4
3288,0.045075,1
3289,0.051981,2
3290,0.047309,1
3291,0.048639,1
3292,0.047064,1
3293,0.048339,1
3294,0.048438,1
3295,0.037653,2
3296,0.050164,3
3297,0.03713,2
3298,0.037031,1
3299,0.043948,2
3300,0.036976,2
3301,0.037538,1
3302,0.091543,10
3303,0.055965,1
3304,0.040056,3
3305,0.031694,1
3306,0.03006,1
3307,0.033816,2
3308,0.045223,4
3309,0.034087,2
3310,0.031902,1
3311,0.032252,1
3312,0.046584,4
3313,0.034213,1
3314,0.03489,1
3315,0.034138,1
3316,0.039342,2
3317,0.036312,1
3318,0.034729,1
3319,0.029605,1
3320,0.039291,1
3321,0.041551,1
3322,0.030565,1
3323,0.030617,1
3324,0.031873,1
3325,0.034784,2
3326,0.040055,3
3327,0.034751,2
3328,0.0359,2
3329,0.031545,1
3330,0.039102,2
3331,0.035937,1
3332,0.050812,4
3333,0.037822,2
3334,0.035025,1
3335,0.042358,2
3336,0.053279,5
3337,0.033447,1
3338,0.032742,1
3339,0.036194,2
3340,0.031865,1
3341,0.031708,1
3342,0.034674,2
3343,0.040472,3
3344,0.03565,2
3345,0.03049,1
3346,0.035849,2
3347,0.047207,4
3348,0.04004,3
3349,0.038329,2
3350,0.03958,3
3351,0.036277,2
3352,0.039621,3
3353,0.074146,10
3354,0.063405,8
3355,0.052684,5
3356,0.040531,3
3357,0.040511,3
3358,0.044675,3
3359,0.032225,1
3360,0.031694,1
3361,0.141074,1
3362,0.042006,3
3363,0.047318,4
3364,0.140434,1
3365,0.037788,1
3366,0.030859,1
3367,0.037263,2
3368,0.038183,2
3369,0.039769,3
3370,0.048773,5
3371,0.042575,3
3372,0.034733,1
3373,0.045239,3
3374,0.054175,5
3375,0.037929,1
3376,0.048574,3
3377,0.041467,3
3378,0.049823,3
3379,0.044958,3
3380,0.037844,1
3381,0.038084,1
3382,0.03529,1
3383,0.046904,2
3384,0.047727,2
3385,0.042969,1
3386,0.040898,2
3387,0.045897,1
3388,0.044673,1
3389,0.048548,2
3390,0.067538,6
3391,0.046675,2
3392,0.047488,1
3393,0.051334,2
3394,0.034784,1
3395,0.035281,1
3396,0.03461,1
3397,0.046087,3
3398,0.05656,2
3399,0.05602,2
3400,0.034997,1
3401,0.034512,1
3402,0.032743,1
3403,0.038258,2
3404,0.035897,1
3405,0.041318,2
3406,0.045474,3
3407,0.0484,4
3408,0.037816,2
3409,0.03341,1
3410,0.039765,2
3411,0.03584,2
3412,0.031953,1
3413,0.041215,3
3414,0.041705,3
3415,0.049549,5
3416,0.040796,3
3417,0.042456,3
3418,0.042668,3
3419,0.031048,1
3420,0.059761,7
3421,0.109923,17
3422,0.04067,3
3423,0.042612,3
3424,0.060875,7
3425,0.033076,1
3426,0.049906,5
3427,0.032161,1
3428,0.032661,1
3429,0.040628,3
3430,0.03249,1
3431,0.031473,1
3432,0.112582,18
3433,0.046555,4
3434,0.034256,1
3435,0.037449,2
3436,0.035969,2
3437,0.031563,1
3438,0.033072,1
3439,0.043857,3
3440,0.035651,1
3441,0.036992,2
3442,0.036755,1
3443,0.031808,1
3444,0.040278,2
3445,0.042031,3
3446,0.038319,2
3447,0.03517,1
3448,0.041808,3
3449,0.046298,4
3450,0.03608,2
3451,0.052018,5
3452,0.033067,1
3453,0.043159,3
3454,0.040909,3
3455,0.03198,1
3456,0.031564,1
3457,0.036062,2
3458,0.033174,1
3459,0.054225,5
3460,0.031089,1
3461,0.033419,1
3462,0.032813,1
3463,0.033502,1
3464,0.034349,1
3465,0.035338,2
3466,0.047644,4
3467,0.032256,1
3468,0.06201,7
3469,0.032609,1
3470,0.049931,4
3471,0.035121,1
3472,0.033919,1
3473,0.040019,2
3474,0.031624,1
3475,0.036511,2
3476,0.043928,3
3477,0.040955,1
3478,0.071901,9
3479,0.032655,1
3480,0.037253,2
3481,0.038567,2
3482,0.041494,3
3483,0.04611,3
3484,0.036504,2
3485,0.042317,3
3486,0.035048,1
3487,0.042056,3
3488,0.037622,2
3489,0.031806,1
3490,0.033546,1
3491,0.034171,1
3492,0.0493,4
3493,0.039142,2
3494,0.03306,1
3495,0.033704,1
3496,0.032799,1
3497,0.036817,1
3498,0.036956,2
3499,0.037563,2
3500,0.039115,1
3501,0.0614,6
3502,0.040491,2
3503,0.113362,1
3504,0.120545,2
3505,0.114558,1
3506,0.119663,2
3507,0.129373,4
3508,0.122293,2
3509,0.124476,2
3510,0.125058,2
3511,0.12194,1
3512,0.13623,4
3513,0.150997,6
3514,0.131565,3
3515,0.130284,2
3516,0.12671,1
3517,0.124631,1
3518,0.114847,1
3519,0.127331,1
3520,0.138855,3
3521,0.140281,3
3522,0.128262,1
3523,0.128366,1
3524,0.130972,1
3525,0.126215,2
3526,0.085515,13
3527,0.066222,8
3528,0.035034,2
3529,0.057207,6
3530,0.043982,4
3531,0.051156,5
3532,0.02802,1
3533,0.029032,1
3534,0.059106,7
3535,0.034636,2
3536,0.024401,1
3537,0.032864,2
3538,0.038567,3
3539,0.034646,2
3540,0.058495,7
3541,0.033083,2
3542,0.035142,2
3543,0.03172,1
3544,0.035717,1
3545,0.034557,2
3546,0.03065,1
3547,0.033152,1
3548,0.037092,2
3549,0.037147,2
3550,0.045373,3
3551,0.053458,6
3552,0.042881,3
3553,0.037552,2
3554,0.039115,3
3555,0.039328,2
3556,0.038038,2
3557,0.036242,1
3558,0.038903,1
3559,0.036163,1
3560,0.035584,1
3561,0.063279,6
3562,0.046116,2
3563,0.054904,4
3564,0.060533,5
3565,0.042687,1
3566,0.046195,1
3567,0.048338,2
3568,0.058687,4
3569,0.043279,1
3570,0.04448,1
3571,0.056505,2
3572,0.046421,1
3573,0.06751,5
3574,0.060673,4
3575,0.045873,1
3576,0.045998,1
3577,0.035838,1
3578,0.036091,1
3579,0.045813,4
3580,0.037339,3
3581,0.051574,5
3582,0.16378,8
3583,0.125687,1
3584,0.125464,2
3585,0.123132,2
3586,0.122172,2
3587,0.134268,4
3588,0.144079,2
3589,0.162923,5
3590,0.150256,3
3591,0.182874,7
3592,0.146388,2
3593,0.15813,4
3594,0.175516,7
3595,0.147622,2
3596,0.139851,1
3597,0.168905,5
3598,0.143914,2
3599,0.165094,5
3600,0.144008,2
3601,0.139657,1
3602,0.138537,1
3603,0.138719,1
3604,0.146579,2
3605,0.145515,2
3606,0.148937,2
3607,0.138212,1
3608,0.179225,7
3609,0.028992,1
3610,0.045769,4
3611,0.031815,1
3612,0.036893,1
3613,0.033681,2
3614,0.038016,2
3615,0.0442,4
3616,0.039725,2
3617,0.037864,2
3618,0.03336,1
3619,0.034584,1
3620,0.035271,1
3621,0.117736,1
3622,0.034798,1
3623,0.132386,3
3624,0.047213,3
3625,0.130004,3
3626,0.041107,2
3627,0.130428,1
3628,0.138579,2
3629,0.119866,1
3630,0.126064,2
3631,0.117589,1
3632,0.121766,1
3633,0.123366,2
3634,0.137452,4
3635,0.151305,6
3636,0.137992,4
3637,0.120411,1
3638,0.126539,2
3639,0.118575,1
3640,0.123139,2
3641,0.117285,1
3642,0.120055,1
3643,0.126015,2
3644,0.118084,1
3645,0.153184,6
3646,0.122734,1
3647,0.118578,1
3648,0.073876,10
3649,0.028575,1
3650,0.039024,1
3651,0.062288,6
3652,0.054213,4
3653,0.134871,3
3654,0.118091,1
3655,0.119135,1
3656,0.121028,1
3657,0.125807,2
3658,0.13975,1
3659,0.139868,1
3660,0.143555,1
3661,0.146576,1
3662,0.163024,8
3663,0.122626,1
3664,0.120513,1
3665,0.030114,1
3666,0.037472,2
3667,0.098672,14
3668,0.035846,2
3669,0.042135,3
3670,0.029726,1
3671,0.043503,3
3672,0.029147,1
3673,0.050761,5
3674,0.041668,3
3675,0.041852,3
3676,0.04365,1
3677,0.049514,2
3678,0.046301,4
3679,0.032377,1
3680,0.032146,1
3681,0.036007,1
3682,0.037922,1
3683,0.036102,1
3684,0.03176,1
3685,0.036698,2
3686,0.056634,6
3687,0.035104,2
3688,0.029739,1
3689,0.046773,4
3690,0.053854,5
3691,0.040275,3
3692,0.032967,1
3693,0.04129,3
3694,0.073236,9
3695,0.036139,2
3696,0.03466,1
3697,0.038696,1
3698,0.087342,9
3699,0.070659,6
3700,0.107579,14
3701,0.035166,1
3702,0.047192,3
3703,0.038882,2
3704,0.03376,1
3705,0.039735,2
3706,0.03917,2
3707,0.031283,1
3708,0.034234,1
3709,0.055546,5
3710,0.051734,5
3711,0.047135,4
3712,0.037228,2
3713,0.127449,2
3714,0.029647,1
3715,0.170183,8
3716,0.134211,2
3717,0.036268,2
3718,0.030416,1
3719,0.046245,3
3720,0.038602,1
3721,0.043508,2
3722,0.042869,1
3723,0.043094,2
3724,0.04951,3
3725,0.044449,2
3726,0.03856,1
3727,0.044007,2
3728,0.038324,1
3729,0.040096,1
3730,0.046618,2
3731,0.050152,3
3732,0.04115,1
3733,0.056536,4
3734,0.034295,1
3735,0.041946,2
3736,0.033558,1
3737,0.034145,1
3738,0.081039,9
3739,0.032137,1
3740,0.038134,2
3741,0.042611,3
3742,0.032092,1
3743,0.033343,1
3744,0.032184,1
3745,0.037872,2
3746,0.034933,1
3747,0.031468,1
3748,0.032975,2
3749,0.036736,2
3750,0.037364,2
3751,0.037109,2
3752,0.033511,1
3753,0.036933,1
3754,0.054271,5
3755,0.038558,2
3756,0.027848,1
3757,0.037987,2
3758,0.041836,3
3759,0.03157,2
3760,0.066721,7
3761,0.038068,2
3762,0.031451,1
3763,0.037399,1
3764,0.041145,1
3765,0.037593,2
3766,0.050829,3
3767,0.157022,1
3768,0.158454,1
3769,0.03097,1
3770,0.031982,1
3771,0.050863,5
3772,0.040644,3
3773,0.034138,2
3774,0.028615,1
3775,0.027747,1
3776,0.028065,1
3777,0.040611,3
3778,0.033916,1
3779,0.033168,1
3780,0.032902,1
3781,0.039481,2
3782,0.040348,2
3783,0.049976,3
3784,0.040406,1
3785,0.034029,2
3786,0.034961,1
3787,0.034136,2
3788,0.031621,1
3789,0.04897,4
3790,0.04033,2
3791,0.053009,4
3792,0.032117,1
3793,0.03402,1
3794,0.033306,1
3795,0.03504,1
3796,0.040602,2
3797,0.05332,4
3798,0.031768,1
3799,0.145696,1
3800,0.15009,1
3801,0.183593,6
3802,0.153641,2
3803,0.161788,3
3804,0.191314,8
3805,0.145276,1
3806,0.159647,3
3807,0.149808,1
3808,0.153355,1
3809,0.182949,5
3810,0.158702,2
3811,0.170099,5
3812,0.191878,7
3813,0.192042,6
3814,0.177404,5
3815,0.16207,2
3816,0.172595,4
3817,0.187897,6
3818,0.165467,3
3819,0.11284,13
3820,0.055539,3
3821,0.065242,4
3822,0.058186,2
3823,0.069189,4
3824,0.04296,1
3825,0.048248,1
3826,0.05906,3
3827,0.05339,2
3828,0.077095,5
3829,0.06012,2
3830,0.046585,1
3831,0.068321,1
3832,0.047667,1
3833,0.051275,1
3834,0.047677,1
3835,0.054996,2
3836,0.053061,2
3837,0.046906,1
3838,0.061119,4
3839,0.063065,4
3840,0.042883,1
3841,0.0549,3
3842,0.05995,4
3843,0.050583,2
3844,0.044139,1
3845,0.067299,3
3846,0.046056,1
3847,0.06944,5
3848,0.050149,2
3849,0.050243,2
3850,0.046146,1
3851,0.049931,1
3852,0.045186,1
3853,0.056528,3
3854,0.047077,1
3855,0.053818,2
3856,0.049908,1
3857,0.074872,5
3858,0.051309,1
3859,0.054983,1
3860,0.054849,3
3861,0.056786,3
3862,0.063084,4
3863,0.070169,5
3864,0.049631,1
3865,0.053032,1
3866,0.048466,1
3867,0.049217,1
3868,0.051303,1
3869,0.049625,1
3870,0.051494,1
3871,0.0554,2
3872,0.054978,2
3873,0.085866,7
3874,0.048116,1
3875,0.049105,1
3876,0.093458,8
3877,0.061759,3
3878,0.051918,1
3879,0.054788,2
3880,0.062791,3
3881,0.049851,1
3882,0.05165,2
3883,0.061437,3
3884,0.063172,4
3885,0.045021,1
3886,0.051421,2
3887,0.048605,1
3888,0.051336,2
3889,0.046691,1
3890,0.051418,1
3891,0.054165,1
3892,0.054238,2
3893,0.088403,6
3894,0.056527,1
3895,0.052906,2
3896,0.045939,1
3897,0.063855,4
3898,0.09013,8
3899,0.054747,1
3900,0.054709,3
3901,0.046156,1
3902,0.049435,2
3903,0.064758,4
3904,0.049255,2
3905,0.084724,8
3906,0.04836,1
3907,0.060485,1
3908,0.066625,4
3909,0.048024,1
3910,0.051196,2
3911,0.047776,1
3912,0.04354,1
3913,0.049889,2
3914,0.05371,2
3915,0.068032,5
3916,0.051403,1
3917,0.056144,3
3918,0.044203,1
3919,0.050372,2
3920,0.052336,1
3921,0.066991,3
3922,0.044313,1
3923,0.050794,1
3924,0.067903,5
3925,0.110262,12
3926,0.049127,1
3927,0.05354,2
3928,0.051862,1
3929,0.053939,1
3930,0.065689,3
3931,0.046708,1
3932,0.050066,1
3933,0.050851,1
3934,0.045775,1
3935,0.045336,1
3936,0.048376,1
3937,0.055317,2
3938,0.047992,1
3939,0.047877,1
3940,0.055946,2
3941,0.057844,2
3942,0.05156,2
3943,0.06832,3
3944,0.046379,1
3945,0.05513,2
3946,0.055945,1
3947,0.048412,1
3948,0.048864,1
3949,0.050725,1
3950,0.054635,1
3951,0.05152,1
3952,0.056154,1
3953,0.059164,1
3954,0.062198,1
3955,0.06717,1
3956,0.066147,1
3957,0.07557,2
3958,0.068545,1
3959,0.0802,2
3960,0.085045,3
3961,0.078936,1
3962,0.079344,1
3963,0.086564,2
3964,0.077576,6
3965,0.050004,1
3966,0.047646,1
3967,0.051224,1
3968,0.059727,3
3969,0.053017,2
3970,0.045842,1
3971,0.053153,2
3972,0.049341,1
3973,0.064146,4
3974,0.058896,3
3975,0.065776,4
3976,0.045524,1
3977,0.072038,4
3978,0.0651,4
3979,0.053546,2
3980,0.04884,1
3981,0.061336,3
3982,0.055604,2
3983,0.054631,1
3984,0.062975,3
3985,0.058725,2
3986,0.057983,2
3987,0.049023,1
3988,0.050658,1
3989,0.060206,3
3990,0.050113,1
3991,0.053983,2
3992,0.080552,6
3993,0.099233,9
3994,0.06171,2
3995,0.050332,2
3996,0.057899,3
3997,0.053536,2
3998,0.058291,1
3999,0.049147,1
4000,0.077865,5
4001,0.050703,2
4002,0.05851,3
4003,0.053719,2
4004,0.048689,1
4005,0.048792,1
4006,0.052208,1
4007,0.062196,2
4008,0.058032,2
4009,0.073309,4
4010,0.049577,1
4011,0.059648,1
4012,0.058475,2
4013,0.050357,2
4014,0.044987,1
4015,0.051879,2
4016,0.057402,2
4017,0.053657,1
4018,0.074175,3
4019,0.050477,1
4020,0.065563,3
4021,0.061046,2
4022,0.08583,6
4023,0.060485,2
4024,0.056907,2
4025,0.060257,2
4026,0.067321,3
4027,0.045287,1
4028,0.046298,1
4029,0.044748,1
4030,0.045321,1
4031,0.050973,2
4032,0.052339,1
4033,0.061009,2
4034,0.065537,3
4035,0.076799,4
4036,0.052775,1
4037,0.072423,2
4038,0.113933,5
4039,0.094267,1
4040,0.05323,1
4041,0.060548,2
4042,0.082763,5
4043,0.068665,1
4044,0.072662,1
4045,0.083788,2
4046,0.088591,4
4047,0.102941,9
4048,0.080787,2
4049,0.091263,4
4050,0.075919,1
4051,0.083601,2
4052,0.081622,2
4053,0.077637,1
4054,0.083948,2
4055,0.082745,2
4056,0.085595,2
4057,0.124141,9
4058,0.081277,3
4059,0.089471,3
4060,0.077141,2
4061,0.080348,3
4062,0.080526,3
4063,0.054586,1
4064,0.055737,1
4065,0.076349,4
4066,0.074456,2
4067,0.113962,8
4068,0.089792,3
4069,0.071148,2
4070,0.064868,1
4071,0.068847,1
4072,0.090588,3
4073,0.131317,9
4074,0.079052,2
4075,0.0768,2
4076,0.06605,1
4077,0.067783,1
4078,0.065028,1
4079,0.065136,1
4080,0.070072,1
4081,0.067441,1
4082,0.079986,2
4083,0.095556,5
4084,0.109069,6
4085,0.089347,2
4086,0.07193,2
4087,0.078751,3
4088,0.066952,1
4089,0.076293,2
4090,0.094181,4
4091,0.079343,2
4092,0.076588,1
4093,0.058597,2
4094,0.067635,1
4095,0.07638,5
4096,0.060589,2
4097,0.085587,2
4098,0.077377,1
4099,0.06426,3
4100,0.060392,2
4101,0.057532,1
4102,0.071592,4
4103,0.083864,6
4104,0.059838,2
4105,0.053399,1
4106,0.103026,9
4107,0.061501,2
4108,0.057557,1
4109,0.053645,1
4110,0.075387,4
4111,0.062609,1
4112,0.067568,3
4113,0.057962,1
4114,0.071536,4
4115,0.060594,2
4116,0.08487,6
4117,0.056414,1
4118,0.060386,1
4119,0.073132,1
4120,0.052024,2
4121,0.045704,1
4122,0.050032,1
4123,0.055504,2
4124,0.061834,3
4125,0.045881,1
4126,0.047722,1
4127,0.047997,1
4128,0.054812,2
4129,0.047832,1
4130,0.050394,1
4131,0.052562,2
4132,0.047692,1
4133,0.084684,6
4134,0.048684,1
4135,0.056961,2
4136,0.060106,3
4137,0.068071,4
4138,0.060748,3
4139,0.046103,1
4140,0.067388,3
4141,0.047056,1
4142,0.064809,3
4143,0.10904,10
4144,0.091238,8
4145,0.054396,2
4146,0.048237,1
4147,0.064274,3
4148,0.05417,1
4149,0.058369,1
4150,0.072085,3
4151,0.089885,4
4152,0.059185,1
4153,0.073984,3
4154,0.070565,2
4155,0.048438,1
4156,0.056577,1
4157,0.048288,1
4158,0.052368,2
4159,0.048375,1
4160,0.132647,15
4161,0.093832,7
4162,0.047342,1
4163,0.055944,2
4164,0.047972,1
4165,0.053758,2
4166,0.073253,5
4167,0.055898,2
4168,0.047171,1
4169,0.064675,3
4170,0.07105,4
4171,0.072709,4
4172,0.050014,1
4173,0.047381,1
4174,0.070323,4
4175,0.061159,3
4176,0.088887,5
4177,0.050908,1
4178,0.076725,5
4179,0.047456,1
4180,0.054838,1
4181,0.054958,1
4182,0.046749,1
4183,0.056233,1
4184,0.076157,4
4185,0.046483,1
4186,0.054159,2
4187,0.048151,1
4188,0.049443,1
4189,0.054056,1
4190,0.074008,4
4191,0.091803,8
4192,0.057242,2
4193,0.068533,4
4194,0.050747,1
4195,0.049277,1
4196,0.060407,3
4197,0.048419,1
4198,0.048102,1
4199,0.048339,1
4200,0.051447,1
4201,0.048003,1
4202,0.047856,1
4203,0.049594,1
4204,0.070077,3
4205,0.06922,3
4206,0.060695,1
4207,0.066981,2
4208,0.069834,2
4209,0.069076,1
4210,0.073442,1
4211,0.104546,5
4212,0.088108,3
4213,0.131411,10
4214,0.082311,2
4215,0.071177,1
4216,0.065443,1
4217,0.082386,2
4218,0.079841,3
4219,0.067844,1
4220,0.071278,3
4221,0.055938,1
4222,0.05925,1
4223,0.073187,1
4224,0.077345,2
4225,0.074581,1
4226,0.07737,1
4227,0.078747,1
4228,0.080758,2
4229,0.080111,2
4230,0.103809,5
4231,0.085945,3
4232,0.077926,1
4233,0.103487,5
4234,0.079134,1
4235,0.089095,2
4236,0.080747,1
4237,0.078813,1
4238,0.082101,1
4239,0.079838,1
4240,0.13461,8
4241,0.081521,1
4242,0.092401,2
4243,0.078801,1
4244,0.08672,2
4245,0.080685,1
4246,0.095465,3
4247,0.106462,4
4248,0.080356,1
4249,0.096674,3
4250,0.085959,2
4251,0.08501,1
4252,0.093901,2
4253,0.101849,2
4254,0.103668,2
4255,0.097504,1
4256,0.084528,1
4257,0.11695,4
4258,0.08155,1
4259,0.08487,1
4260,0.089207,2
4261,0.0889,1
4262,0.1278,8
4263,0.10049,2
4264,0.09216,2
4265,0.082639,1
4266,0.106093,4
4267,0.096789,1
4268,0.106171,2
4269,0.083241,1
4270,0.081117,1
4271,0.093998,2
4272,0.082819,1
4273,0.085181,1
4274,0.100719,3
4275,0.082326,1
4276,0.094421,2
4277,0.090158,2
4278,0.098717,3
4279,0.093572,1
4280,0.121082,4
4281,0.189509,2
4282,0.17178,1
4283,0.191251,6
4284,0.22654,4
4285,0.150265,4
4286,0.095846,1
4287,0.099856,1
4288,0.112527,2
4289,0.179336,11
4290,0.102335,2
4291,0.093603,2
4292,0.121275,1
4293,0.12368,1
4294,0.120512,1
4295,0.123102,1
4296,0.119826,1
4297,0.125789,1
4298,0.128037,2
4299,0.122861,1
4300,0.121312,1
4301,0.127846,1
4302,0.128581,1
4303,0.11998,1
4304,0.137952,3
4305,0.149451,4
4306,0.1251,1
4307,0.138113,3
4308,0.125303,1
4309,0.105767,3
4310,0.112432,4
4311,0.089243,1
4312,0.096051,2
4313,0.120242,5
4314,0.163147,6
4315,0.136084,2
4316,0.135418,1
4317,0.127387,2
4318,0.158202,6
4319,0.128584,1
4320,0.14721,3
4321,0.128791,2
4322,0.119499,1
4323,0.137028,7
4324,0.16479,11
4325,0.124044,2
4326,0.124427,2
4327,0.088883,1
4328,0.102024,2
4329,0.134136,2
4330,0.127203,1
4331,0.130676,2
4332,0.152257,5
4333,0.128576,2
4334,0.085479,1
4335,0.085997,1
4336,0.140965,3
4337,0.087492,1
4338,0.082247,1
4339,0.086626,1
4340,0.096498,2
4341,0.088918,1
4342,0.101318,2
4343,0.097426,1
4344,0.085388,1
4345,0.103858,2
4346,0.112609,3
4347,0.102073,1
4348,0.180551,10
4349,0.095543,1
4350,0.095762,1
4351,0.088588,1
4352,0.08432,1
4353,0.086843,1
4354,0.097185,1
4355,0.10967,4
4356,0.095817,2
4357,0.084955,1
4358,0.100837,3
4359,0.098514,1
4360,0.083708,1
4361,0.096068,2
4362,0.085716,1
4363,0.086156,1
4364,0.083686,1
4365,0.088503,1
4366,0.098195,2
4367,0.08436,1
4368,0.100061,3
4369,0.092872,2
4370,0.122651,6
4371,0.08177,1
4372,0.084876,5
4373,0.083109,1
4374,0.101782,3
4375,0.085848,1
4376,0.090512,2
4377,0.060681,1
4378,0.097236,3
4379,0.10387,2
4380,0.109818,3
4381,0.06547,3
4382,0.057015,1
4383,0.104223,8
4384,0.065116,2
4385,0.058442,1
4386,0.078524,3
4387,0.071049,2
4388,0.055402,2
4389,0.049929,1
4390,0.05678,2
4391,0.059673,2
4392,0.048438,1
4393,0.078518,5
4394,0.104514,9
4395,0.048344,1
4396,0.049742,1
4397,0.109033,9
4398,0.05669,2
4399,0.056818,2
4400,0.087311,6
4401,0.051584,1
4402,0.182545,1
4403,0.200446,3
4404,0.190354,2
4405,0.185189,1
4406,0.18875,2
4407,0.171239,1
4408,0.174465,1
4409,0.184859,2
4410,0.196255,4
4411,0.176012,1
4412,0.194559,2
4413,0.181662,1
4414,0.206785,4
4415,0.183711,1
4416,0.193071,2
4417,0.193594,2
4418,0.184882,1
4419,0.185017,1
4420,0.194058,1
4421,0.200575,1
4422,0.198908,2
4423,0.19948,3
4424,0.201376,3
4425,0.233675,7
4426,0.190382,1
4427,0.198731,1
4428,0.1924,2
4429,0.197701,2
4430,0.196494,1
4431,0.214542,3
4432,0.208244,2
4433,0.192635,1
4434,0.21787,3
4435,0.190342,1
4436,0.194213,1
4437,0.236168,5
4438,0.273974,9
4439,0.185887,1
4440,0.185095,1
4441,0.18852,1
4442,0.187251,1
4443,0.188712,1
4444,0.184402,1
4445,0.19701,2
4446,0.18539,1
4447,0.190797,1
4448,0.191404,1
4449,0.208194,3
4450,0.191166,1
4451,0.188326,3
4452,0.2212,4
4453,0.190033,1
4454,0.188772,1
4455,0.199716,2
4456,0.179988,2
4457,0.181213,2
4458,0.186205,2
4459,0.198919,1
4460,0.211469,4
4461,0.199604,3
4462,0.183449,1
4463,0.204834,3
4464,0.217766,3
4465,0.233885,4
4466,0.206083,1
4467,0.232947,4
4468,0.209663,1
4469,0.218928,1
4470,0.238413,4
4471,0.185292,2
4472,0.044078,1
4473,0.18136,1
4474,0.216494,5
4475,0.205115,4
4476,0.216124,5
4477,0.207114,3
4478,0.1764,1
4479,0.177665,1
4480,0.1765,1
4481,0.199104,3
4482,0.183803,1
4483,0.227337,6
4484,0.207331,4
4485,0.181253,1
4486,0.238731,7
4487,0.189329,1
4488,0.200807,2
4489,0.197255,2
4490,0.220109,5
4491,0.213093,4
4492,0.185174,1
4493,0.187797,1
4494,0.065892,3
4495,0.05266,1
4496,0.073457,4
4497,0.066833,3
4498,0.068745,3
4499,0.06166,2
