0,5,0.011424
1,8,0.016772
2,1,0.009324
3,6,0.014506
4,1,0.008798
5,3,0.011364
6,6,0.014283
7,2,0.009824
8,1,0.008582
9,4,0.012036
10,5,0.013474
11,3,0.01089
12,2,0.010231
13,9,0.017262
14,1,0.008946
15,2,0.009971
16,7,0.014861
17,6,0.014156
18,2,0.009691
19,2,0.010072
20,5,0.013081
21,6,0.014256
22,3,0.010976
23,3,0.011144
24,1,0.008895
25,1,0.008646
26,8,0.01646
27,11,0.019952
28,4,0.011831
29,1,0.008758
30,3,0.011295
31,2,0.009967
32,1,0.008985
33,6,0.015537
34,10,0.018055
35,3,0.011241
36,3,0.011175
37,4,0.011753
38,4,0.012174
39,2,0.010199
40,1,0.008782
41,5,0.013162
42,2,0.010255
43,3,0.011266
44,3,0.010975
45,4,0.012394
46,4,0.012686
47,2,0.00981
48,4,0.011772
49,3,0.011142
50,3,0.011086
51,6,0.014087
52,5,0.013037
53,1,0.008772
54,3,0.01141
55,1,0.008784
56,7,0.015113
57,1,0.008754
58,1,0.009014
59,2,0.009607
60,6,0.014033
61,3,0.011372
62,3,0.011658
63,10,0.018362
64,9,0.017577
65,1,0.008911
66,7,0.015407
67,4,0.01211
68,3,0.011181
69,4,0.011934
70,1,0.009069
71,3,0.010935
72,2,0.010115
73,1,0.008702
74,3,0.011565
75,2,0.009949
76,3,0.011393
77,4,0.011857
78,5,0.013022
79,3,0.011551
80,2,0.010302
81,4,0.011862
82,4,0.011683
83,5,0.013566
84,4,0.012135
85,3,0.011333
86,6,0.02092
87,4,0.013038
88,2,0.010584
89,3,0.011138
90,6,0.014067
91,11,0.019298
92,4,0.011979
93,4,0.012266
94,7,0.015144
95,4,0.012193
96,6,0.014187
97,1,0.008887
98,1,0.008646
99,3,0.011353
100,9,0.017003
101,7,0.01475
102,3,0.010876
103,3,0.01088
104,1,0.009093
105,5,0.012986
106,3,0.010705
107,8,0.015905
108,5,0.013748
109,3,0.011057
110,1,0.008855
111,3,0.011154
112,3,0.011399
113,5,0.013082
114,4,0.012051
115,1,0.009306
116,4,0.013089
117,2,0.010313
118,2,0.009653
119,3,0.010846
120,1,0.008998
121,3,0.011019
122,4,0.012322
123,3,0.011378
124,7,0.015623
125,4,0.012138
126,8,0.016464
127,4,0.011785
128,6,0.014792
129,3,0.010768
130,6,0.014028
131,1,0.009123
132,3,0.010941
133,4,0.012048
134,2,0.009676
135,4,0.012017
136,2,0.009757
137,4,0.012129
138,2,0.009727
139,2,0.010169
140,2,0.010029
141,2,0.009934
142,4,0.011964
143,2,0.009764
144,2,0.010057
145,3,0.011477
146,5,0.012996
147,4,0.012018
148,1,0.008951
149,3,0.010824
150,2,0.009767
151,1,0.008956
152,3,0.010661
153,4,0.011798
154,6,0.014359
155,8,0.016251
156,1,0.008928
157,12,0.020468
158,2,0.009769
159,3,0.010955
160,3,0.011176
161,3,0.011187
162,6,0.014042
163,3,0.011855
164,5,0.01441
165,2,0.010956
166,3,0.011685
167,3,0.011974
168,4,0.012222
169,2,0.009928
170,1,0.008943
171,2,0.010354
172,2,0.01006
173,6,0.014252
174,5,0.013447
175,3,0.011103
176,3,0.010952
177,3,0.011179
178,2,0.010212
179,4,0.012046
180,4,0.011957
181,6,0.014273
182,4,0.012198
183,2,0.010218
184,5,0.013357
185,6,0.014057
186,3,0.01136
187,4,0.012045
188,7,0.014905
189,4,0.012179
190,3,0.011376
191,11,0.019528
192,5,0.013047
193,6,0.013918
194,4,0.01219
195,4,0.011901
196,3,0.011095
197,3,0.012755
198,3,0.01081
199,6,0.014416
200,2,0.010103
201,8,0.015937
202,2,0.010133
203,2,0.009758
204,4,0.01202
205,8,0.01627
206,3,0.010952
207,3,0.011028
208,5,0.012884
209,2,0.010181
210,3,0.011125
211,4,0.012231
212,4,0.012481
213,5,0.012999
214,4,0.012474
215,2,0.01016
216,2,0.010284
217,8,0.01637
218,8,0.015982
219,8,0.016668
220,3,0.011014
221,7,0.015726
222,3,0.010964
223,4,0.012275
224,4,0.012648
225,1,0.008673
226,4,0.012411
227,3,0.011224
228,2,0.009947
229,3,0.010997
230,7,0.015004
231,3,0.011113
232,4,0.011861
233,3,0.011479
234,4,0.01194
235,6,0.01444
236,4,0.012042
237,1,0.008873
238,4,0.012042
239,6,0.014491
240,4,0.011976
241,1,0.008774
242,4,0.012225
243,4,0.012005
244,3,0.011345
245,2,0.009771
246,3,0.010846
247,3,0.011226
248,1,0.008599
249,4,0.012682
250,3,0.010753
251,1,0.00903
252,6,0.015293
253,5,0.013398
254,1,0.00909
255,1,0.008655
256,2,0.00962
257,2,0.010088
258,6,0.014183
259,3,0.011398
260,7,0.015352
261,1,0.008575
262,5,0.013607
263,1,0.008918
264,1,0.008765
265,3,0.011073
266,4,0.012053
267,3,0.011022
268,4,0.011965
269,4,0.01208
270,8,0.016415
271,5,0.013528
272,8,0.016284
273,5,0.01314
274,5,0.013006
275,5,0.013247
276,3,0.010826
277,2,0.01023
278,3,0.011134
279,2,0.011054
280,3,0.01243
281,2,0.011407
282,2,0.010382
283,4,0.012308
284,3,0.011181
285,4,0.012194
286,3,0.011104
287,4,0.012128
288,4,0.012605
289,2,0.009742
290,1,0.008858
291,5,0.013225
292,4,0.011849
293,9,0.017706
294,8,0.016255
295,3,0.011133
296,3,0.010789
297,2,0.010224
298,4,0.012229
299,5,0.013513
300,6,0.013802
301,5,0.012839
302,2,0.009546
303,6,0.014492
304,3,0.010968
305,5,0.013573
306,5,0.012841
307,2,0.010137
308,1,0.008748
309,3,0.011068
310,2,0.009755
311,3,0.010699
312,4,0.012456
313,2,0.010016
314,3,0.011124
315,1,0.008871
316,5,0.013293
317,3,0.010867
318,7,0.015274
319,4,0.011773
320,6,0.0143
321,4,0.011828
322,4,0.012167
323,3,0.010805
324,4,0.012303
325,5,0.013196
326,6,0.014116
327,2,0.010192
328,1,0.008686
329,2,0.009926
330,5,0.013178
331,3,0.011234
332,3,0.011035
333,2,0.009778
334,1,0.009011
335,3,0.011065
336,3,0.011387
337,8,0.016224
338,5,0.012998
339,5,0.01311
340,3,0.011217
341,6,0.014226
342,5,0.013525
343,9,0.017289
344,5,0.013292
345,3,0.010946
346,5,0.013202
347,9,0.017488
348,10,0.018077
349,4,0.012084
350,3,0.011681
351,2,0.010065
352,2,0.009775
353,3,0.011138
354,1,0.009014
355,7,0.015104
356,4,0.012251
357,2,0.009937
358,3,0.011141
359,1,0.008776
360,3,0.011325
361,5,0.013046
362,3,0.011231
363,3,0.010896
364,4,0.011886
365,0,0.002441
366,7,0.015135
367,2,0.009915
368,4,0.011875
369,5,0.013461
370,4,0.011777
371,3,0.011453
372,4,0.012123
373,2,0.009893
374,4,0.012037
375,1,0.008933
376,12,0.020147
377,4,0.012172
378,6,0.014471
379,5,0.01334
380,7,0.015314
381,5,0.013439
382,1,0.00871
383,4,0.011878
384,3,0.010966
385,5,0.01292
386,1,0.008454
387,3,0.011027
388,2,0.009547
389,4,0.012414
390,3,0.01084
391,5,0.012921
392,5,0.013358
393,4,0.012223
394,3,0.010738
395,5,0.013161
396,4,0.01238
397,6,0.014193
398,2,0.009807
399,5,0.013143
400,1,0.008897
401,3,0.01092
402,2,0.009799
403,3,0.010879
404,3,0.011238
405,2,0.009959
406,3,0.011088
407,6,0.013941
408,2,0.010373
409,3,0.010926
410,2,0.01023
411,2,0.010087
412,3,0.010901
413,6,0.013929
414,8,0.016207
415,1,0.008992
416,4,0.012028
417,2,0.010484
418,3,0.011045
419,3,0.010687
420,4,0.011834
421,1,0.008609
422,3,0.011235
423,5,0.013069
424,4,0.012384
425,5,0.01297
426,3,0.01088
427,3,0.011262
428,2,0.010124
429,4,0.011725
430,2,0.010246
431,3,0.011335
432,3,0.01061
433,5,0.013086
434,4,0.012638
435,3,0.011358
436,3,0.01107
437,1,0.008868
438,2,0.009852
439,6,0.014178
440,2,0.009645
441,3,0.011176
442,4,0.012135
443,3,0.011457
444,3,0.01112
445,2,0.009911
446,2,0.011184
447,3,0.011604
448,9,0.018097
449,5,0.012714
450,3,0.010904
451,1,0.008909
452,5,0.013146
453,3,0.011018
454,6,0.014031
455,3,0.011397
456,2,0.010138
457,3,0.010945
458,2,0.010058
459,3,0.011048
460,7,0.01483
461,5,0.013454
462,3,0.010662
463,3,0.011368
464,1,0.009049
465,4,0.011993
466,2,0.00989
467,2,0.009783
468,1,0.008781
469,10,0.017694
470,8,0.016419
471,4,0.012267
472,6,0.013816
473,1,0.008968
474,4,0.011915
475,7,0.015045
476,3,0.011199
477,3,0.010785
478,2,0.010048
479,3,0.011038
480,3,0.011112
481,4,0.012231
482,5,0.012946
483,1,0.008585
484,3,0.011085
485,7,0.014978
486,3,0.01113
487,1,0.00886
488,9,0.01777
489,3,0.010952
490,6,0.014005
491,4,0.012291
492,0,0.002292
493,0,0.002286
494,0,0.002243
495,0,0.002688
496,3,0.01114
497,4,0.011765
498,3,0.010821
499,5,0.012855
500,3,0.011458
501,3,0.011056
502,4,0.012581
503,5,0.013056
504,3,0.011097
505,1,0.008651
506,11,0.019686
507,2,0.00963
508,5,0.012967
509,3,0.011685
510,1,0.008658
511,5,0.013266
512,5,0.01345
513,2,0.00972
514,2,0.010071
515,3,0.011028
516,9,0.017469
517,4,0.012305
518,1,0.009315
519,5,0.013053
520,4,0.012376
521,4,0.012139
522,4,0.012301
523,6,0.013599
524,4,0.012032
525,4,0.011798
526,1,0.008849
527,1,0.008663
528,3,0.011686
529,1,0.008736
530,5,0.013458
531,5,0.013355
532,5,0.014115
533,5,0.012781
534,1,0.008868
535,1,0.008792
536,3,0.010996
537,3,0.0112
538,1,0.008723
539,3,0.011298
540,3,0.010849
541,2,0.009582
542,6,0.014473
543,3,0.011
544,2,0.009739
545,4,0.011997
546,4,0.012538
547,5,0.012973
548,2,0.010259
549,3,0.011011
550,4,0.012224
551,4,0.012039
552,2,0.010128
553,4,0.012383
554,4,0.011953
555,6,0.014658
556,4,0.011916
557,4,0.012133
558,5,0.01322
559,5,0.012982
560,7,0.015178
561,3,0.010968
562,4,0.011901
563,1,0.008557
564,3,0.011294
565,1,0.0093
566,4,0.012146
567,4,0.012398
568,1,0.008665
569,5,0.013178
570,3,0.011419
571,7,0.015168
572,3,0.010779
573,3,0.011741
574,2,0.009826
575,2,0.009639
576,3,0.010718
577,4,0.011613
578,1,0.008612
579,2,0.009647
580,9,0.017247
581,6,0.014012
582,2,0.009765
583,7,0.015321
584,4,0.011992
585,3,0.011046
586,6,0.013592
587,5,0.013118
588,4,0.012337
589,4,0.011843
590,8,0.015733
591,5,0.013145
592,6,0.013747
593,5,0.013017
594,3,0.011077
595,3,0.010976
596,2,0.009863
597,4,0.012203
598,11,0.01949
599,4,0.012759
600,2,0.009854
601,1,0.009182
602,3,0.011094
603,3,0.010869
604,10,0.018244
605,1,0.008714
606,7,0.015298
607,6,0.014463
608,1,0.008881
609,3,0.011726
610,4,0.012121
611,2,0.009952
612,5,0.013021
613,3,0.011171
614,1,0.008837
615,6,0.015133
616,3,0.011388
617,4,0.012356
618,4,0.012723
619,7,0.015251
620,5,0.013494
621,3,0.011027
622,2,0.009973
623,3,0.011064
624,4,0.01178
625,1,0.00897
626,1,0.008743
627,3,0.010984
628,3,0.010718
629,3,0.011232
630,4,0.012163
631,6,0.014228
632,6,0.013905
633,0,0.002268
634,0,0.002302
635,6,0.014381
636,4,0.012644
637,1,0.008747
638,0,0.00245
639,2,0.009735
640,5,0.013105
641,3,0.011233
642,3,0.010735
643,3,0.010937
644,10,0.018316
645,3,0.011266
646,19,0.027872
647,7,0.015311
648,4,0.012011
649,4,0.012182
650,6,0.013844
651,2,0.00984
652,2,0.010156
653,5,0.012848
654,8,0.016391
655,1,0.008661
656,10,0.018324
657,3,0.010901
658,5,0.013118
659,4,0.012203
660,4,0.012161
661,5,0.012914
662,2,0.009785
663,6,0.013963
664,5,0.013129
665,4,0.012114
666,6,0.014175
667,4,0.011931
668,7,0.01604
669,4,0.012037
670,2,0.010002
671,6,0.014141
672,3,0.011192
673,3,0.011328
674,4,0.012231
675,3,0.010919
676,8,0.016141
677,3,0.010929
678,5,0.013141
679,10,0.018087
680,3,0.011094
681,3,0.011172
682,3,0.011016
683,4,0.011879
684,5,0.012935
685,7,0.015051
686,5,0.01326
687,4,0.012212
688,8,0.016524
689,5,0.012959
690,6,0.013946
691,3,0.010941
692,3,0.011286
693,6,0.015033
694,2,0.010191
695,9,0.017312
696,1,0.008982
697,6,0.013975
698,5,0.013214
699,14,0.022755
700,3,0.011278
701,5,0.012689
702,0,0.002287
703,4,0.012865
704,1,0.008701
705,2,0.010448
706,2,0.009816
707,4,0.012046
708,2,0.010076
709,3,0.010944
710,4,0.012457
711,2,0.009935
712,4,0.012172
713,4,0.012345
714,4,0.0119
715,2,0.010265
716,12,0.020726
717,3,0.011013
718,3,0.011002
719,1,0.008691
720,5,0.012689
721,2,0.009844
722,6,0.014428
723,1,0.008569
724,4,0.011991
725,3,0.010907
726,2,0.010359
727,5,0.012976
728,4,0.012163
729,8,0.016154
730,2,0.00981
731,4,0.011701
732,3,0.010628
733,3,0.011594
734,1,0.008706
735,4,0.012447
736,4,0.012173
737,6,0.014275
738,4,0.012147
739,4,0.012187
740,3,0.010888
741,4,0.012079
742,3,0.011445
743,6,0.014374
744,3,0.01116
745,1,0.008934
746,6,0.014115
747,4,0.012302
748,4,0.012218
749,9,0.017488
750,5,0.013384
751,2,0.009728
752,2,0.009773
753,6,0.014675
754,7,0.015414
755,4,0.012058
756,2,0.009763
757,4,0.012411
758,4,0.012272
759,5,0.01367
760,4,0.012506
761,8,0.01581
762,2,0.009904
763,4,0.012296
764,1,0.00899
765,3,0.011976
766,4,0.011808
767,5,0.012801
768,9,0.017674
769,5,0.013121
770,6,0.013914
771,2,0.009685
772,4,0.012058
773,1,0.00884
774,4,0.012302
775,4,0.011958
776,4,0.012333
777,4,0.013921
778,4,0.012126
779,2,0.009962
780,2,0.009705
781,6,0.014225
782,3,0.010974
783,10,0.01804
784,1,0.009057
785,5,0.01305
786,4,0.011725
787,6,0.014412
788,4,0.012088
789,3,0.011245
790,3,0.010634
791,4,0.01235
792,2,0.010026
793,5,0.012958
794,2,0.010568
795,1,0.008789
796,7,0.015705
797,4,0.012374
798,4,0.012082
799,2,0.009894
800,3,0.010978
801,3,0.011259
802,1,0.008747
803,4,0.01187
804,5,0.013344
805,2,0.010011
806,7,0.015056
807,2,0.009888
808,8,0.016342
809,2,0.009714
810,2,0.009982
811,7,0.015049
812,6,0.014442
813,3,0.011035
814,4,0.012058
815,3,0.011322
816,5,0.013083
817,4,0.011873
818,2,0.009954
819,8,0.016464
820,2,0.009826
821,1,0.00948
822,7,0.014961
823,3,0.011347
824,1,0.008956
825,2,0.00975
826,5,0.013156
827,5,0.012935
828,2,0.009791
829,4,0.011995
830,3,0.011318
831,5,0.013664
832,9,0.017214
833,2,0.009775
834,3,0.011019
835,2,0.009923
836,3,0.010992
837,3,0.011079
838,1,0.008743
839,4,0.011782
840,3,0.011378
841,6,0.014236
842,3,0.011066
843,1,0.008747
844,1,0.008913
845,2,0.010192
846,5,0.012826
847,5,0.012936
848,4,0.012278
849,1,0.009094
850,2,0.009857
851,6,0.014146
852,3,0.011206
853,3,0.01077
854,3,0.010802
855,3,0.011048
856,4,0.011848
857,4,0.01227
858,4,0.012708
859,3,0.011187
860,4,0.012349
861,2,0.009934
862,3,0.011088
863,4,0.012066
864,6,0.01465
865,1,0.008928
866,4,0.012006
867,4,0.01219
868,5,0.013442
869,2,0.009708
870,6,0.014454
871,3,0.010645
872,3,0.011132
873,1,0.008996
874,1,0.008688
875,5,0.013017
876,5,0.01308
877,1,0.009393
878,3,0.010978
879,5,0.013115
880,2,0.009705
881,6,0.01451
882,2,0.00971
883,4,0.012351
884,4,0.012389
885,5,0.013237
886,4,0.012597
887,5,0.012962
888,0,0.002306
889,0,0.002323
890,0,0.002392
891,3,0.011269
892,0,0.002315
893,0,0.002267
894,7,0.015236
895,8,0.016329
896,2,0.010204
897,4,0.012282
898,5,0.013127
899,3,0.011351
900,7,0.015217
901,5,0.013423
902,4,0.01215
903,5,0.013427
904,3,0.011088
905,5,0.013057
906,7,0.015384
907,1,0.009273
908,5,0.013105
909,2,0.009752
910,3,0.01116
911,6,0.014173
912,6,0.014383
913,4,0.012168
914,3,0.010756
915,3,0.010797
916,3,0.011339
917,2,0.009865
918,6,0.014412
919,2,0.009705
920,4,0.012057
921,7,0.015203
922,4,0.0123
923,3,0.010941
924,0,0.002301
925,0,0.002269
926,4,0.011959
927,1,0.008944
928,7,0.015127
929,1,0.008955
930,3,0.011073
931,0,0.002272
932,3,0.011058
933,4,0.012029
934,3,0.010752
935,8,0.016503
936,6,0.014244
937,6,0.014456
938,4,0.011991
939,3,0.011256
940,5,0.013157
941,1,0.008659
942,4,0.012086
943,1,0.008778
944,7,0.015325
945,3,0.011202
946,2,0.010712
947,3,0.012501
948,2,0.011227
949,1,0.008868
950,4,0.013601
951,3,0.011065
952,1,0.008944
953,6,0.013925
954,5,0.013117
955,3,0.011932
956,6,0.014092
957,2,0.009996
958,7,0.014889
959,1,0.008716
960,3,0.011031
961,6,0.013964
962,4,0.012253
963,2,0.010064
964,3,0.011045
965,5,0.013173
966,5,0.013435
967,3,0.011113
968,2,0.009783
969,4,0.012105
970,1,0.008989
971,4,0.011837
972,2,0.009775
973,5,0.013556
974,12,0.020388
975,7,0.015303
976,4,0.012311
977,6,0.014205
978,3,0.011181
979,3,0.010857
980,4,0.012094
981,2,0.010215
982,1,0.008934
983,3,0.011016
984,4,0.012308
985,4,0.011841
986,3,0.0112
987,9,0.016882
988,8,0.016562
989,2,0.00969
990,6,0.014645
991,4,0.012088
992,1,0.008891
993,10,0.019188
994,6,0.015223
995,3,0.011956
996,4,0.01294
997,9,0.017792
998,4,0.01233
999,7,0.015572
1000,3,0.011019
1001,4,0.012076
1002,3,0.011094
1003,5,0.012819
1004,4,0.011949
1005,3,0.010998
1006,1,0.009188
1007,8,0.016081
1008,4,0.012264
1009,2,0.010044
1010,12,0.020372
1011,1,0.008845
1012,4,0.012185
1013,6,0.013929
1014,2,0.009734
1015,0,0.002875
1016,4,0.012056
1017,1,0.009082
1018,5,0.013009
1019,6,0.014149
1020,5,0.013271
1021,1,0.008643
1022,3,0.011167
1023,9,0.017362
1024,5,0.013429
1025,3,0.010998
1026,1,0.008917
1027,4,0.012717
1028,4,0.012866
1029,5,0.012973
1030,4,0.012142
1031,5,0.013001
1032,2,0.010442
1033,1,0.009186
1034,3,0.010901
1035,7,0.01529
1036,6,0.014418
1037,3,0.011369
1038,2,0.009797
1039,4,0.01161
1040,4,0.012294
1041,1,0.008897
1042,4,0.012415
1043,3,0.011084
1044,3,0.011065
1045,6,0.013954
1046,3,0.010913
1047,3,0.011214
1048,1,0.008745
1049,3,0.010851
1050,3,0.010698
1051,2,0.009833
1052,2,0.010314
1053,6,0.014007
1054,3,0.011067
1055,6,0.014323
1056,7,0.01506
1057,4,0.012309
1058,3,0.01117
1059,8,0.016213
1060,3,0.011427
1061,2,0.0098
1062,4,0.012267
1063,3,0.010854
1064,3,0.010737
1065,2,0.010028
1066,7,0.015255
1067,5,0.013176
1068,5,0.013194
1069,4,0.012473
1070,5,0.013301
1071,3,0.010938
1072,1,0.008815
1073,1,0.008647
1074,5,0.012897
1075,1,0.008982
1076,10,0.018549
1077,4,0.012221
1078,5,0.01309
1079,3,0.01114
1080,5,0.012953
1081,5,0.013496
1082,1,0.008848
1083,4,0.01189
1084,4,0.011985
1085,3,0.010917
1086,2,0.009582
1087,2,0.009879
1088,3,0.011156
1089,5,0.013237
1090,1,0.00926
1091,2,0.010069
1092,4,0.012113
1093,3,0.011156
1094,4,0.011855
1095,5,0.013139
1096,1,0.008811
1097,3,0.010993
1098,4,0.012539
1099,3,0.01106
1100,1,0.008793
1101,5,0.01305
1102,6,0.014451
1103,4,0.011803
1104,4,0.011889
1105,3,0.011273
1106,3,0.011527
1107,4,0.012
1108,8,0.016878
1109,3,0.011165
1110,5,0.013666
1111,1,0.009588
1112,4,0.013479
1113,9,0.017575
1114,8,0.016956
1115,1,0.00877
1116,6,0.01449
1117,3,0.011209
1118,3,0.011374
1119,4,0.012487
1120,3,0.010991
1121,6,0.014413
1122,3,0.011526
1123,4,0.01243
1124,3,0.011009
1125,4,0.012101
1126,3,0.011421
1127,1,0.008659
1128,7,0.016026
1129,1,0.008713
1130,3,0.011566
1131,1,0.009048
1132,2,0.010282
1133,12,0.021074
1134,3,0.011504
1135,1,0.009771
1136,1,0.008727
1137,6,0.014646
1138,7,0.015009
1139,4,0.012473
1140,2,0.009695
1141,2,0.010342
1142,4,0.011989
1143,1,0.008832
1144,3,0.011163
1145,3,0.010866
1146,4,0.012044
1147,3,0.011443
1148,3,0.011155
1149,7,0.014777
1150,1,0.008815
1151,3,0.011103
1152,2,0.009881
1153,4,0.012063
1154,4,0.012411
1155,4,0.012064
1156,9,0.017381
1157,3,0.011092
1158,5,0.013039
1159,4,0.012281
1160,4,0.012179
1161,2,0.010138
1162,2,0.010261
1163,7,0.01487
1164,5,0.013037
1165,3,0.011303
1166,3,0.010985
1167,2,0.009834
1168,5,0.013181
1169,3,0.010653
1170,4,0.012208
1171,1,0.009276
1172,5,0.013083
1173,4,0.01225
1174,3,0.011122
1175,5,0.013245
1176,2,0.00969
1177,6,0.014836
1178,3,0.01106
1179,3,0.011308
1180,1,0.009166
1181,4,0.012673
1182,3,0.011364
1183,3,0.011295
1184,2,0.010273
1185,6,0.013652
1186,2,0.009879
1187,7,0.015571
1188,2,0.009866
1189,3,0.011925
1190,7,0.01503
1191,6,0.015735
1192,3,0.011181
1193,2,0.01084
1194,5,0.012701
1195,3,0.011563
1196,6,0.01481
1197,6,0.01445
1198,3,0.01116
1199,4,0.012318
1200,3,0.011333
1201,8,0.015791
1202,4,0.012124
1203,9,0.017915
1204,5,0.013398
1205,3,0.011247
1206,1,0.008858
1207,3,0.010775
1208,7,0.015558
1209,3,0.011292
1210,7,0.015567
1211,5,0.012941
1212,3,0.011809
1213,7,0.015969
1214,9,0.017092
1215,1,0.008598
1216,2,0.01037
1217,1,0.008939
1218,4,0.01206
1219,7,0.015015
1220,6,0.014845
1221,9,0.017168
1222,3,0.010701
1223,4,0.012055
1224,2,0.009785
1225,3,0.010557
1226,9,0.017318
1227,3,0.0108
1228,3,0.011002
1229,3,0.011593
1230,4,0.01182
1231,1,0.008815
1232,2,0.009858
1233,7,0.014659
1234,3,0.010956
1235,2,0.009579
1236,0,0.002248
1237,5,0.013274
1238,1,0.00849
1239,1,0.008724
1240,4,0.012404
1241,1,0.008715
1242,3,0.010848
1243,6,0.01424
1244,3,0.011125
1245,3,0.011146
1246,6,0.014827
1247,3,0.011063
1248,3,0.011265
1249,4,0.012256
1250,6,0.013743
1251,4,0.012618
1252,2,0.009749
1253,3,0.011268
1254,3,0.011057
1255,3,0.01071
1256,4,0.012118
1257,4,0.012038
1258,2,0.010214
1259,4,0.01189
1260,3,0.011351
1261,4,0.012216
1262,3,0.011229
1263,4,0.012432
1264,2,0.010007
1265,4,0.012218
1266,1,0.008719
1267,3,0.011499
1268,1,0.008775
1269,4,0.011923
1270,12,0.020972
1271,3,0.011041
1272,4,0.012223
1273,7,0.016776
1274,3,0.01104
1275,3,0.012825
1276,3,0.013603
1277,2,0.01031
1278,4,0.013828
1279,4,0.011996
1280,3,0.011354
1281,5,0.01317
1282,3,0.011524
1283,1,0.00913
1284,4,0.01272
1285,3,0.011183
1286,4,0.011931
1287,1,0.008944
1288,1,0.009111
1289,4,0.011756
1290,3,0.011247
1291,3,0.010808
1292,1,0.008746
1293,4,0.011759
1294,5,0.013696
1295,7,0.0152
1296,3,0.011025
1297,3,0.010983
1298,3,0.011777
1299,4,0.011822
1300,3,0.011097
1301,1,0.009
1302,1,0.008658
1303,3,0.011245
1304,5,0.013534
1305,3,0.011019
1306,5,0.013404
1307,3,0.01096
1308,5,0.013048
1309,3,0.011549
1310,5,0.013139
1311,6,0.013888
1312,1,0.009021
1313,1,0.009464
1314,2,0.010032
1315,4,0.012258
1316,3,0.011396
1317,1,0.00851
1318,3,0.010938
1319,6,0.014266
1320,1,0.009086
1321,1,0.009231
1322,9,0.017489
1323,7,0.014875
1324,1,0.009126
1325,3,0.010925
1326,4,0.012456
1327,4,0.011945
1328,4,0.012041
1329,2,0.009931
1330,7,0.015113
1331,6,0.014867
1332,3,0.010833
1333,5,0.013185
1334,1,0.008749
1335,4,0.012154
1336,2,0.010038
1337,3,0.010679
1338,1,0.008765
1339,10,0.01877
1340,3,0.011685
1341,2,0.010032
1342,4,0.011973
1343,20,0.029624
1344,4,0.012097
1345,3,0.010897
1346,3,0.0112
1347,3,0.011045
1348,4,0.01259
1349,1,0.008778
1350,4,0.012106
1351,4,0.012232
1352,3,0.010717
1353,0,0.002582
1354,0,0.002372
1355,0,0.002326
1356,0,0.002327
1357,0,0.002871
1358,0,0.002337
1359,0,0.00227
1360,0,0.002259
1361,0,0.002236
1362,0,0.002259
1363,0,0.002297
1364,0,0.002283
1365,0,0.002473
1366,0,0.002567
1367,0,0.002311
1368,0,0.002585
1369,0,0.002331
1370,0,0.002491
1371,5,0.014902
1372,2,0.009675
1373,6,0.013752
1374,9,0.017728
1375,8,0.017045
1376,7,0.015126
1377,0,0.002477
1378,7,0.014928
1379,3,0.011404
1380,1,0.008947
1381,4,0.012396
1382,5,0.013466
1383,4,0.01237
1384,5,0.013552
1385,11,0.019459
1386,4,0.012479
1387,5,0.013578
1388,3,0.011355
1389,5,0.013495
1390,2,0.00982
1391,4,0.011622
1392,8,0.017026
1393,3,0.010714
1394,6,0.013851
1395,3,0.011254
1396,4,0.012896
1397,4,0.012038
1398,1,0.009101
1399,5,0.013212
1400,1,0.008772
1401,4,0.012351
1402,3,0.011066
1403,2,0.009939
1404,3,0.010853
1405,3,0.011037
1406,1,0.008696
1407,3,0.011735
1408,3,0.011092
1409,2,0.01009
1410,11,0.019397
1411,3,0.01115
1412,2,0.010027
1413,5,0.012798
1414,3,0.010988
1415,4,0.01237
1416,4,0.012019
1417,3,0.011276
1418,4,0.01234
1419,2,0.009962
1420,4,0.012256
1421,10,0.018275
1422,6,0.014151
1423,1,0.008862
1424,5,0.013239
1425,5,0.013261
1426,2,0.009806
1427,2,0.010257
1428,3,0.011175
1429,1,0.0087
1430,5,0.01313
1431,4,0.012032
1432,3,0.010894
1433,2,0.010098
1434,4,0.011793
1435,5,0.013297
1436,3,0.011194
1437,3,0.010899
1438,5,0.013216
1439,5,0.01267
1440,6,0.014196
1441,1,0.008651
1442,2,0.009824
1443,3,0.011121
1444,3,0.011566
1445,3,0.011217
1446,1,0.008607
1447,3,0.011346
1448,4,0.011957
1449,4,0.011716
1450,3,0.01106
1451,3,0.011573
1452,1,0.009943
1453,3,0.01079
1454,4,0.013142
1455,9,0.017687
1456,3,0.01141
1457,6,0.014747
1458,3,0.011177
1459,1,0.008555
1460,3,0.011434
1461,5,0.013418
1462,1,0.009001
1463,3,0.011393
1464,2,0.009679
1465,3,0.011147
1466,3,0.010981
1467,3,0.010599
1468,1,0.008999
1469,3,0.011182
1470,5,0.013443
1471,2,0.010557
1472,3,0.011121
1473,3,0.010982
1474,9,0.017662
1475,5,0.013044
1476,1,0.00904
1477,2,0.009736
1478,4,0.011977
1479,4,0.011648
1480,6,0.014329
1481,4,0.012535
1482,3,0.010886
1483,3,0.011076
1484,1,0.008852
1485,1,0.008611
1486,3,0.011258
1487,11,0.019209
1488,3,0.011273
1489,4,0.012206
1490,5,0.012831
1491,6,0.014436
1492,4,0.012481
1493,3,0.011536
1494,3,0.010472
1495,4,0.012483
1496,2,0.009575
1497,4,0.012191
1498,2,0.010472
1499,5,0.013594
1500,3,0.011158
1501,1,0.009309
1502,3,0.011324
1503,7,0.01533
1504,5,0.013198
1505,3,0.011244
1506,4,0.012306
1507,4,0.01305
1508,5,0.013832
1509,4,0.012659
1510,3,0.010968
1511,3,0.011782
1512,5,0.012749
1513,3,0.011256
1514,4,0.012053
1515,4,0.01227
1516,2,0.009872
1517,3,0.010928
1518,11,0.019668
1519,4,0.012151
1520,4,0.012115
1521,3,0.010931
1522,6,0.0148
1523,2,0.009858
1524,5,0.013339
1525,3,0.011263
1526,4,0.011965
1527,5,0.013463
1528,7,0.015416
1529,2,0.010288
1530,2,0.010468
1531,3,0.010914
1532,4,0.012557
1533,5,0.013798
1534,4,0.012503
1535,3,0.011471
1536,2,0.009982
1537,2,0.009867
1538,2,0.009808
1539,2,0.009826
1540,6,0.014196
1541,1,0.009194
1542,4,0.01264
1543,4,0.011725
1544,5,0.013023
1545,2,0.009903
1546,5,0.013663
1547,3,0.010969
1548,3,0.011154
1549,3,0.011048
1550,3,0.01153
1551,7,0.015679
1552,4,0.011693
1553,1,0.00911
1554,12,0.020348
1555,9,0.017853
1556,3,0.011028
1557,1,0.00893
1558,3,0.012091
1559,6,0.015202
1560,5,0.0127
1561,5,0.013781
1562,2,0.009656
1563,5,0.013014
1564,1,0.008806
1565,3,0.010961
1566,6,0.013793
1567,3,0.01119
1568,5,0.013725
1569,5,0.013081
1570,6,0.014087
1571,3,0.01099
1572,6,0.014429
1573,3,0.011621
1574,7,0.015672
1575,5,0.013607
1576,3,0.011649
1577,4,0.012213
1578,4,0.012267
1579,7,0.016233
1580,5,0.013666
1581,5,0.013208
1582,3,0.010886
1583,2,0.010049
1584,13,0.02237
1585,5,0.013005
1586,1,0.009178
1587,5,0.013746
1588,2,0.010074
1589,7,0.015493
1590,6,0.014768
1591,3,0.011586
1592,5,0.012934
1593,3,0.011607
1594,5,0.01379
1595,1,0.008984
1596,3,0.010952
1597,3,0.010973
1598,13,0.021019
1599,3,0.011355
1600,1,0.009284
1601,5,0.01329
1602,4,0.012506
1603,3,0.01162
1604,4,0.01185
1605,4,0.011881
1606,1,0.008785
1607,6,0.013894
1608,4,0.012113
1609,4,0.012111
1610,7,0.015881
1611,2,0.009623
1612,4,0.01297
1613,3,0.01107
1614,2,0.010719
1615,5,0.014423
1616,5,0.013892
1617,2,0.010364
1618,5,0.013532
1619,3,0.011597
1620,5,0.013079
1621,5,0.013142
1622,4,0.012495
1623,5,0.013041
1624,1,0.009276
1625,5,0.013205
1626,4,0.012359
1627,3,0.011337
1628,4,0.012485
1629,7,0.015329
1630,3,0.011091
1631,1,0.008614
1632,5,0.013932
1633,4,0.011831
1634,1,0.008852
1635,5,0.013138
1636,4,0.012457
1637,7,0.015579
1638,4,0.012964
1639,4,0.012404
1640,2,0.010404
1641,3,0.010659
1642,3,0.011035
1643,6,0.014069
1644,5,0.013258
1645,3,0.01127
1646,6,0.014003
1647,4,0.012444
1648,3,0.010784
1649,4,0.011982
1650,6,0.014451
1651,5,0.013392
1652,7,0.014912
1653,2,0.010091
1654,5,0.013032
1655,3,0.010879
1656,4,0.012274
1657,5,0.012824
1658,4,0.012061
1659,6,0.014367
1660,6,0.014254
1661,3,0.01134
1662,3,0.011471
1663,5,0.013286
1664,3,0.010975
1665,3,0.011079
1666,1,0.009116
1667,2,0.010483
1668,1,0.009116
1669,2,0.009917
1670,1,0.008637
1671,4,0.01213
1672,12,0.020718
1673,3,0.011052
1674,4,0.012723
1675,3,0.011112
1676,5,0.013492
1677,4,0.012328
1678,3,0.011016
1679,1,0.008608
1680,11,0.019657
1681,3,0.011018
1682,5,0.013375
1683,4,0.012481
1684,3,0.011041
1685,2,0.010449
1686,1,0.008572
1687,2,0.009856
1688,4,0.012369
1689,3,0.011334
1690,3,0.011
1691,5,0.013387
1692,7,0.01559
1693,4,0.012772
1694,1,0.008818
1695,6,0.014173
1696,2,0.009657
1697,2,0.009827
1698,2,0.009957
1699,6,0.01469
1700,3,0.011449
1701,1,0.009051
1702,2,0.00986
1703,3,0.011396
1704,3,0.011033
1705,7,0.014886
1706,5,0.013054
1707,2,0.009586
1708,4,0.012416
1709,6,0.014179
1710,3,0.011144
1711,3,0.010839
1712,2,0.009901
1713,12,0.020114
1714,10,0.018456
1715,5,0.013413
1716,6,0.014927
1717,5,0.013166
1718,5,0.012978
1719,5,0.012794
1720,3,0.011173
1721,1,0.008693
1722,8,0.016244
1723,3,0.011016
1724,3,0.011108
1725,4,0.012188
1726,2,0.009931
1727,2,0.009806
1728,1,0.008776
1729,5,0.013066
1730,2,0.009996
1731,3,0.010817
1732,10,0.018566
1733,2,0.00992
1734,1,0.009385
1735,5,0.013415
1736,3,0.010924
1737,3,0.011283
1738,4,0.012561
1739,3,0.011048
1740,4,0.011856
1741,3,0.010955
1742,1,0.008842
1743,4,0.012556
1744,3,0.010924
1745,1,0.008773
1746,5,0.013552
1747,6,0.014319
1748,4,0.012544
1749,6,0.013856
1750,5,0.013373
1751,1,0.008814
1752,5,0.01369
1753,5,0.013181
1754,6,0.014616
1755,3,0.011126
1756,4,0.012544
1757,2,0.00973
1758,2,0.009636
1759,3,0.010886
1760,3,0.011104
1761,8,0.017268
1762,3,0.011721
1763,5,0.013224
1764,4,0.012372
1765,4,0.012547
1766,4,0.012051
1767,5,0.012989
1768,4,0.011776
1769,6,0.015021
1770,4,0.012151
1771,4,0.012665
1772,2,0.010062
1773,1,0.009049
1774,4,0.012716
1775,4,0.012873
1776,4,0.013019
1777,5,0.012973
1778,1,0.009578
1779,2,0.009637
1780,4,0.012769
1781,6,0.014339
1782,2,0.010165
1783,3,0.01091
1784,9,0.018165
1785,11,0.01955
1786,5,0.013063
1787,3,0.011206
1788,6,0.014981
1789,4,0.011846
1790,7,0.015028
1791,2,0.010306
1792,3,0.011507
1793,3,0.010921
1794,2,0.010155
1795,1,0.008984
1796,3,0.011444
1797,1,0.00898
1798,3,0.010859
1799,6,0.013978
1800,4,0.012856
1801,3,0.011164
1802,4,0.012119
1803,4,0.012396
1804,1,0.008699
1805,2,0.010853
1806,10,0.018846
1807,1,0.008647
1808,12,0.021033
1809,3,0.011068
1810,2,0.010038
1811,3,0.011372
1812,3,0.011563
1813,1,0.009455
1814,9,0.017192
1815,4,0.012318
1816,3,0.011029
1817,2,0.010097
1818,4,0.011983
1819,2,0.009729
1820,2,0.010009
1821,7,0.015111
1822,0,0.002573
1823,0,0.002433
1824,8,0.018339
1825,1,0.009645
1826,3,0.011923
1827,8,0.016331
1828,3,0.011406
1829,1,0.008697
1830,6,0.014379
1831,3,0.011172
1832,3,0.011009
1833,3,0.011017
1834,1,0.008922
1835,3,0.011041
1836,2,0.010054
1837,6,0.014217
1838,3,0.011359
1839,1,0.008933
1840,22,0.030797
1841,4,0.011845
1842,1,0.009123
1843,1,0.008939
1844,11,0.019618
1845,6,0.014164
1846,7,0.015329
1847,3,0.010971
1848,10,0.018628
1849,4,0.01221
1850,4,0.011972
1851,4,0.012223
1852,2,0.009954
1853,4,0.012189
1854,5,0.01315
1855,6,0.013988
1856,6,0.014197
1857,7,0.015638
1858,5,0.013018
1859,3,0.011078
1860,5,0.012988
1861,3,0.011131
1862,3,0.011461
1863,3,0.011057
1864,2,0.009858
1865,2,0.009855
1866,5,0.014026
1867,2,0.009714
1868,9,0.017876
1869,4,0.011737
1870,5,0.013438
1871,3,0.010971
1872,7,0.015304
1873,4,0.012059
1874,4,0.012491
1875,6,0.014891
1876,3,0.011077
1877,7,0.015476
1878,2,0.009836
1879,4,0.011946
1880,3,0.011175
1881,4,0.011913
1882,8,0.016504
1883,2,0.010485
1884,2,0.009915
1885,3,0.011155
1886,8,0.016151
1887,3,0.0112
1888,1,0.008812
1889,1,0.009032
1890,4,0.012361
1891,5,0.013585
1892,2,0.010026
1893,3,0.010758
1894,5,0.013298
1895,3,0.011183
1896,1,0.009031
1897,3,0.010951
1898,2,0.010105
1899,4,0.012059
1900,4,0.011966
1901,1,0.008896
1902,3,0.011401
1903,4,0.012418
1904,1,0.008908
1905,1,0.008688
1906,11,0.019909
1907,7,0.01528
1908,4,0.012279
1909,3,0.011486
1910,3,0.011172
1911,3,0.01103
1912,5,0.01323
1913,2,0.010448
1914,1,0.008641
1915,6,0.014248
1916,1,0.008845
1917,4,0.012148
1918,5,0.013047
1919,2,0.010007
1920,3,0.011132
1921,4,0.012637
1922,2,0.009766
1923,7,0.015357
1924,3,0.010875
1925,4,0.012324
1926,2,0.009975
1927,8,0.016102
1928,3,0.010983
1929,5,0.013551
1930,1,0.009049
1931,3,0.011287
1932,8,0.016017
1933,4,0.012357
1934,5,0.013311
1935,2,0.010316
1936,3,0.01136
1937,2,0.010035
1938,4,0.013812
1939,3,0.012452
1940,2,0.010531
1941,1,0.009172
1942,3,0.0113
1943,3,0.011243
1944,1,0.008774
1945,5,0.013938
1946,2,0.010516
1947,4,0.012488
1948,4,0.012173
1949,5,0.013073
1950,4,0.012122
1951,2,0.009917
1952,3,0.010661
1953,5,0.013103
1954,4,0.011892
1955,3,0.011394
1956,3,0.011518
1957,2,0.009665
1958,4,0.012219
1959,3,0.011153
1960,4,0.011735
1961,5,0.014075
1962,2,0.009928
1963,3,0.011029
1964,1,0.008625
1965,4,0.012201
1966,2,0.010203
1967,4,0.011783
1968,5,0.01296
1969,3,0.010785
1970,8,0.01647
1971,3,0.01135
1972,3,0.010814
1973,6,0.014445
1974,5,0.013813
1975,4,0.012281
1976,4,0.012481
1977,3,0.011104
1978,3,0.01103
1979,5,0.012853
1980,1,0.009111
1981,1,0.008904
1982,2,0.009728
1983,5,0.013034
1984,4,0.012489
1985,2,0.009749
1986,4,0.012072
1987,6,0.014664
1988,7,0.015337
1989,3,0.011034
1990,1,0.009017
1991,3,0.01138
1992,3,0.011273
1993,3,0.011611
1994,1,0.008831
1995,5,0.01348
1996,2,0.010014
1997,5,0.013121
1998,1,0.008728
1999,3,0.010861
2000,4,0.012021
2001,5,0.012837
2002,3,0.011239
2003,2,0.010751
2004,6,0.013888
2005,2,0.009682
2006,4,0.012005
2007,4,0.011939
2008,3,0.011139
2009,3,0.011029
2010,1,0.008929
2011,3,0.011455
2012,5,0.013582
2013,4,0.011642
2014,2,0.010167
2015,9,0.017435
2016,3,0.010964
2017,5,0.013076
2018,14,0.022739
2019,6,0.014503
2020,4,0.013826
2021,5,0.012958
2022,4,0.011865
2023,2,0.009498
2024,5,0.013672
2025,3,0.010971
2026,3,0.011419
2027,7,0.015584
2028,2,0.010338
2029,2,0.009697
2030,2,0.010426
2031,3,0.010933
2032,4,0.011898
2033,1,0.008954
2034,1,0.009114
2035,3,0.010536
2036,6,0.014366
2037,3,0.010687
2038,2,0.010224
2039,4,0.01187
2040,5,0.013687
2041,6,0.014001
2042,1,0.008999
2043,4,0.012204
2044,5,0.01286
2045,3,0.011417
2046,6,0.014465
2047,6,0.014802
2048,2,0.009983
2049,3,0.010713
2050,15,0.023478
2051,2,0.009635
2052,4,0.012095
2053,3,0.010886
2054,8,0.016145
2055,3,0.011276
2056,6,0.014323
2057,5,0.013064
2058,1,0.00862
2059,4,0.012428
2060,1,0.009499
2061,6,0.014158
2062,2,0.010495
2063,5,0.01279
2064,8,0.016523
2065,7,0.015538
2066,3,0.011099
2067,4,0.011967
2068,3,0.011005
2069,7,0.014981
2070,4,0.012207
2071,3,0.011032
2072,2,0.00994
2073,5,0.013214
2074,3,0.010974
2075,3,0.010854
2076,1,0.008565
2077,1,0.008931
2078,3,0.011324
2079,4,0.011738
2080,2,0.009927
2081,7,0.014898
2082,8,0.016217
2083,4,0.012441
2084,7,0.0152
2085,3,0.011253
2086,12,0.020446
2087,4,0.012175
2088,5,0.012853
2089,4,0.01189
2090,2,0.010145
2091,1,0.008656
2092,2,0.010315
2093,4,0.012167
2094,3,0.011294
2095,6,0.014412
2096,1,0.008684
2097,1,0.008819
2098,5,0.013438
2099,4,0.012614
2100,3,0.01154
2101,3,0.011143
2102,5,0.013504
2103,3,0.011211
2104,3,0.011345
2105,5,0.012766
2106,3,0.010857
2107,2,0.010292
2108,6,0.014706
2109,6,0.01435
2110,3,0.011519
2111,4,0.011883
2112,1,0.008919
2113,1,0.009166
2114,3,0.010745
2115,6,0.014321
2116,4,0.012181
2117,5,0.01327
2118,5,0.013245
2119,5,0.013096
2120,3,0.011064
2121,5,0.013462
2122,3,0.010654
2123,4,0.012187
2124,5,0.012906
2125,5,0.013385
2126,7,0.015683
2127,2,0.010154
2128,3,0.010712
2129,3,0.010828
2130,3,0.011141
2131,6,0.013946
2132,3,0.010942
2133,3,0.010782
2134,1,0.008762
2135,2,0.010099
2136,2,0.009913
2137,2,0.010268
2138,6,0.014377
2139,1,0.008791
2140,2,0.009761
2141,3,0.011156
2142,2,0.009889
2143,4,0.012104
2144,5,0.014062
2145,3,0.011543
2146,2,0.009902
2147,4,0.012234
2148,9,0.016925
2149,1,0.009653
2150,3,0.011044
2151,4,0.01224
2152,6,0.013903
2153,6,0.01406
2154,2,0.010319
2155,3,0.011151
2156,3,0.011687
2157,5,0.013015
2158,2,0.009984
2159,2,0.01007
2160,1,0.008743
2161,3,0.011022
2162,3,0.011403
2163,2,0.010265
2164,6,0.013904
2165,5,0.013209
2166,3,0.011158
2167,11,0.019189
2168,5,0.013067
2169,5,0.013105
2170,4,0.012004
2171,2,0.009649
2172,5,0.013803
2173,4,0.01215
2174,4,0.012292
2175,3,0.010938
2176,5,0.013565
2177,4,0.012252
2178,3,0.01145
2179,6,0.014157
2180,1,0.008585
2181,1,0.009675
2182,4,0.012527
2183,6,0.016485
2184,3,0.011925
2185,6,0.014367
2186,4,0.01173
2187,5,0.01363
2188,3,0.011187
2189,4,0.01275
2190,3,0.01131
2191,7,0.014863
2192,1,0.009543
2193,3,0.011617
2194,6,0.014196
2195,5,0.013608
2196,6,0.014679
2197,3,0.01079
2198,2,0.009735
2199,4,0.01196
2200,4,0.012206
2201,3,0.010852
2202,2,0.010138
2203,2,0.010437
2204,3,0.011287
2205,1,0.008595
2206,2,0.009741
2207,1,0.008884
2208,7,0.015873
2209,3,0.010859
2210,6,0.014003
2211,4,0.011751
2212,1,0.009094
2213,4,0.012175
2214,2,0.009941
2215,1,0.008966
2216,3,0.010925
2217,1,0.009685
2218,4,0.011884
2219,8,0.016932
2220,4,0.012025
2221,1,0.009121
2222,2,0.009961
2223,5,0.013101
2224,3,0.011423
2225,3,0.010975
2226,4,0.012456
2227,7,0.015344
2228,10,0.018484
2229,5,0.013222
2230,1,0.009005
2231,4,0.012071
2232,4,0.012459
2233,1,0.008905
2234,3,0.01172
2235,5,0.01337
2236,6,0.014602
2237,2,0.010212
2238,7,0.015362
2239,3,0.011126
2240,2,0.009608
2241,8,0.01652
2242,1,0.008997
2243,1,0.009337
2244,1,0.008742
2245,3,0.011149
2246,2,0.010434
2247,1,0.008731
2248,5,0.013142
2249,3,0.010824
2250,1,0.008696
2251,3,0.011052
2252,4,0.012347
2253,5,0.013807
2254,4,0.012115
2255,4,0.012125
2256,5,0.013373
2257,2,0.009858
2258,4,0.011763
2259,3,0.011263
2260,4,0.012206
2261,1,0.008667
2262,2,0.00999
2263,4,0.012092
2264,3,0.011012
2265,1,0.00927
2266,6,0.014251
2267,2,0.009938
2268,3,0.011986
2269,3,0.011012
2270,7,0.016013
2271,3,0.010639
2272,3,0.01135
2273,4,0.011956
2274,1,0.008636
2275,5,0.013138
2276,3,0.011129
2277,1,0.008976
2278,3,0.010922
2279,3,0.011133
2280,6,0.013887
2281,5,0.013727
2282,2,0.009729
2283,8,0.016525
2284,4,0.012269
2285,8,0.015967
2286,2,0.010028
2287,7,0.015166
2288,2,0.009795
2289,6,0.014557
2290,5,0.013217
2291,3,0.010877
2292,3,0.010979
2293,4,0.011841
2294,2,0.009966
2295,1,0.008711
2296,5,0.013221
2297,2,0.009933
2298,10,0.01831
2299,3,0.011517
2300,5,0.013149
2301,6,0.014015
2302,1,0.008646
2303,2,0.009901
2304,1,0.008901
2305,1,0.008641
2306,2,0.009978
2307,1,0.008857
2308,4,0.012313
2309,2,0.009878
2310,3,0.010982
2311,3,0.010842
2312,4,0.012011
2313,2,0.009958
2314,5,0.013138
2315,3,0.011399
2316,3,0.011039
2317,1,0.0089
2318,5,0.013333
2319,10,0.018452
2320,4,0.011844
2321,5,0.013058
2322,3,0.011234
2323,8,0.016006
2324,8,0.016388
2325,3,0.011182
2326,5,0.013415
2327,4,0.011923
2328,4,0.012121
2329,3,0.01079
2330,2,0.010227
2331,2,0.010049
2332,8,0.016083
2333,3,0.010946
2334,2,0.009838
2335,4,0.012083
2336,3,0.011003
2337,3,0.011261
2338,5,0.012982
2339,6,0.014531
2340,3,0.010677
2341,4,0.012284
2342,2,0.009679
2343,1,0.008739
2344,5,0.013489
2345,3,0.010758
2346,4,0.012156
2347,3,0.011517
2348,3,0.011361
2349,6,0.01477
2350,3,0.010652
2351,3,0.011169
2352,5,0.012968
2353,1,0.00875
2354,4,0.012833
2355,1,0.00872
2356,1,0.008606
2357,2,0.010031
2358,8,0.016226
2359,1,0.009032
2360,5,0.012816
2361,1,0.009239
2362,4,0.011928
2363,3,0.011344
2364,5,0.012738
2365,2,0.00995
2366,2,0.010595
2367,5,0.012609
2368,7,0.015455
2369,8,0.016396
2370,4,0.01267
2371,3,0.010634
2372,3,0.0116
2373,9,0.017225
2374,5,0.013377
2375,2,0.009489
2376,5,0.012904
2377,3,0.01089
2378,2,0.009734
2379,9,0.01695
2380,4,0.012551
2381,4,0.011748
2382,5,0.013024
2383,2,0.009857
2384,3,0.011137
2385,2,0.010006
2386,7,0.015223
2387,3,0.010838
2388,3,0.0109
2389,7,0.015636
2390,5,0.013062
2391,4,0.012607
2392,5,0.012871
2393,3,0.011398
2394,5,0.013103
2395,9,0.017201
2396,4,0.011641
2397,5,0.01428
2398,4,0.012569
2399,5,0.012983
2400,4,0.012443
2401,6,0.014347
2402,4,0.012188
2403,3,0.011093
2404,10,0.018589
2405,7,0.015612
2406,4,0.011876
2407,3,0.011136
2408,4,0.012329
2409,4,0.012102
2410,4,0.011828
2411,4,0.011592
2412,2,0.010282
2413,5,0.013536
2414,3,0.011809
2415,7,0.014846
2416,3,0.011373
2417,9,0.017005
2418,2,0.009759
2419,4,0.012196
2420,3,0.011106
2421,5,0.012796
2422,4,0.012706
2423,4,0.012327
2424,6,0.014486
2425,1,0.008826
2426,6,0.01427
2427,3,0.011315
2428,2,0.010479
2429,1,0.009048
2430,3,0.010943
2431,1,0.009445
2432,2,0.010575
2433,4,0.012367
2434,3,0.011067
2435,3,0.0112
2436,3,0.011121
2437,7,0.015088
2438,1,0.008658
2439,9,0.017345
2440,3,0.010943
2441,4,0.012541
2442,4,0.012127
2443,1,0.008779
2444,14,0.022814
2445,5,0.013409
2446,2,0.010085
2447,3,0.01104
2448,5,0.013075
2449,3,0.011743
2450,3,0.010933
2451,5,0.013053
2452,4,0.012063
2453,5,0.012862
2454,4,0.012602
2455,3,0.010949
2456,5,0.013075
2457,1,0.008851
2458,1,0.008631
2459,2,0.010347
2460,5,0.012836
2461,6,0.014189
2462,3,0.010998
2463,1,0.00883
2464,3,0.011445
2465,5,0.013306
2466,3,0.011067
2467,4,0.011986
2468,5,0.013486
2469,5,0.013246
2470,3,0.011145
2471,5,0.013031
2472,4,0.012393
2473,1,0.008703
2474,5,0.01316
2475,3,0.01088
2476,7,0.015558
2477,3,0.010659
2478,2,0.010011
2479,1,0.008757
2480,3,0.010963
2481,1,0.009045
2482,7,0.01516
2483,4,0.012127
2484,6,0.013768
2485,1,0.008815
2486,5,0.013906
2487,7,0.015287
2488,3,0.011334
2489,2,0.009835
2490,6,0.01396
2491,3,0.011218
2492,3,0.01104
2493,4,0.011941
2494,4,0.011999
2495,4,0.011989
2496,9,0.017422
2497,4,0.01194
2498,3,0.011835
2499,2,0.009865
2500,3,0.011088
2501,2,0.010123
2502,4,0.012054
2503,4,0.011965
2504,2,0.010481
2505,1,0.008684
2506,10,0.019144
2507,5,0.013204
2508,3,0.011085
2509,10,0.018601
2510,3,0.010961
2511,5,0.013056
2512,3,0.011696
2513,2,0.010372
2514,6,0.014972
2515,1,0.008634
2516,2,0.009706
2517,4,0.01198
2518,2,0.009809
2519,3,0.011051
2520,4,0.012377
2521,1,0.00903
2522,4,0.01188
2523,4,0.012415
2524,3,0.010997
2525,5,0.013125
2526,3,0.010934
2527,2,0.010018
2528,1,0.008757
2529,4,0.011737
2530,1,0.008798
2531,6,0.014252
2532,3,0.011089
2533,7,0.015532
2534,3,0.010662
2535,2,0.009884
2536,5,0.013154
2537,1,0.00879
2538,2,0.009838
2539,6,0.014159
2540,3,0.011113
2541,7,0.015647
2542,5,0.013464
2543,8,0.016254
2544,6,0.014381
2545,1,0.008735
2546,4,0.012214
2547,5,0.013287
2548,3,0.011222
2549,2,0.009719
2550,3,0.011211
2551,2,0.009639
2552,6,0.014164
2553,2,0.009928
2554,9,0.017609
2555,6,0.014015
2556,3,0.011044
2557,3,0.011662
2558,2,0.009897
2559,3,0.011328
2560,6,0.014266
2561,4,0.011889
2562,4,0.012368
2563,2,0.009987
2564,3,0.011004
2565,3,0.010994
2566,6,0.014324
2567,1,0.009244
2568,3,0.011226
2569,1,0.008952
2570,3,0.011029
2571,3,0.011549
2572,3,0.01171
2573,4,0.011973
2574,3,0.011159
2575,3,0.011244
2576,1,0.008661
2577,3,0.011215
2578,3,0.011143
2579,2,0.009841
2580,8,0.015978
2581,6,0.014655
2582,1,0.008501
2583,2,0.009851
2584,5,0.013189
2585,2,0.009725
2586,3,0.01167
2587,3,0.011152
2588,1,0.008965
2589,4,0.012173
2590,4,0.012122
2591,3,0.011291
2592,5,0.013079
2593,3,0.011469
2594,5,0.013192
2595,4,0.012273
2596,3,0.014026
2597,3,0.012113
2598,6,0.014504
2599,2,0.009561
2600,4,0.01226
2601,2,0.010265
2602,3,0.010841
2603,3,0.011096
2604,6,0.014462
2605,4,0.0122
2606,4,0.012723
2607,3,0.010655
2608,7,0.015314
2609,6,0.014191
2610,1,0.008905
2611,3,0.010834
2612,1,0.008923
2613,7,0.015727
2614,4,0.012211
2615,4,0.012023
2616,3,0.011107
2617,4,0.01194
2618,4,0.012466
2619,2,0.01024
2620,5,0.012812
2621,4,0.012251
2622,2,0.010045
2623,1,0.008723
2624,3,0.011051
2625,1,0.009133
2626,3,0.010618
2627,2,0.010158
2628,3,0.011228
2629,3,0.011004
2630,5,0.013423
2631,4,0.011659
2632,7,0.015795
2633,3,0.011243
2634,5,0.01296
2635,5,0.013173
2636,6,0.014409
2637,2,0.009772
2638,3,0.01142
2639,3,0.011058
2640,3,0.011282
2641,7,0.015489
2642,1,0.008676
2643,2,0.010419
2644,5,0.014625
2645,2,0.010503
2646,3,0.01191
2647,4,0.013452
2648,5,0.013123
2649,4,0.012028
2650,4,0.011851
2651,3,0.011627
2652,4,0.011973
2653,6,0.01379
2654,2,0.010274
2655,4,0.011959
2656,1,0.008811
2657,3,0.011044
2658,2,0.009827
2659,9,0.017589
2660,10,0.018939
2661,3,0.011039
2662,4,0.011886
2663,3,0.011284
2664,3,0.010797
2665,4,0.012052
2666,2,0.009977
2667,3,0.011691
2668,4,0.012328
2669,3,0.010956
2670,5,0.013242
2671,2,0.010493
2672,5,0.013857
2673,1,0.009078
2674,4,0.012002
2675,5,0.013409
2676,2,0.010173
2677,4,0.012739
2678,3,0.012532
2679,1,0.008773
2680,8,0.016197
2681,6,0.013878
2682,5,0.01289
2683,1,0.008593
2684,2,0.010005
2685,5,0.013829
2686,2,0.00984
2687,3,0.01115
2688,3,0.011044
2689,4,0.012192
2690,10,0.018191
2691,4,0.012037
2692,6,0.01403
2693,3,0.011197
2694,9,0.017927
2695,2,0.009813
2696,2,0.010341
2697,1,0.008993
2698,6,0.013785
2699,4,0.011946
2700,1,0.008988
2701,3,0.010923
2702,4,0.012009
2703,3,0.011364
2704,4,0.01229
2705,3,0.010867
2706,4,0.012071
2707,2,0.009813
2708,4,0.011931
2709,2,0.009679
2710,7,0.015223
2711,9,0.017188
2712,3,0.01141
2713,5,0.013165
2714,3,0.011314
2715,2,0.010023
2716,4,0.012301
2717,10,0.018164
2718,4,0.012378
2719,5,0.012959
2720,3,0.011461
2721,6,0.01437
2722,5,0.013137
2723,4,0.012024
2724,4,0.012103
2725,7,0.015078
2726,4,0.012108
2727,4,0.012326
2728,7,0.01538
2729,8,0.016392
2730,3,0.011432
2731,12,0.020721
2732,3,0.011168
2733,1,0.008737
2734,7,0.015215
2735,7,0.01528
2736,6,0.014098
2737,3,0.011044
2738,1,0.008785
2739,4,0.012275
2740,7,0.014841
2741,1,0.00882
2742,4,0.012078
2743,1,0.008707
2744,4,0.012204
2745,4,0.012208
2746,4,0.012093
2747,6,0.014485
2748,7,0.014922
2749,6,0.01429
2750,4,0.012294
2751,3,0.010879
2752,2,0.009704
2753,6,0.014613
2754,8,0.01623
2755,6,0.013957
2756,3,0.010997
2757,4,0.012866
2758,3,0.010936
2759,6,0.013816
2760,2,0.009864
2761,5,0.013102
2762,1,0.009483
2763,4,0.011833
2764,3,0.011169
2765,4,0.012265
2766,3,0.011154
2767,2,0.010411
2768,2,0.009707
2769,3,0.011287
2770,3,0.011126
2771,3,0.010992
2772,3,0.011737
2773,4,0.012098
2774,3,0.011166
2775,2,0.009585
2776,5,0.012953
2777,5,0.013266
2778,4,0.012045
2779,3,0.010867
2780,3,0.011046
2781,4,0.012444
2782,7,0.01504
2783,6,0.014432
2784,6,0.014314
2785,2,0.009639
2786,3,0.011089
2787,5,0.013202
2788,1,0.008701
2789,3,0.010723
2790,5,0.013581
2791,4,0.012508
2792,6,0.014228
2793,3,0.011156
2794,3,0.011027
2795,2,0.009804
2796,3,0.011542
2797,5,0.012871
2798,4,0.012568
2799,1,0.009304
2800,2,0.010166
2801,5,0.013361
2802,7,0.014906
2803,4,0.012066
2804,10,0.018167
2805,3,0.010881
2806,3,0.010785
2807,1,0.009388
2808,4,0.012093
2809,1,0.008976
2810,2,0.009975
2811,3,0.010996
2812,3,0.011129
2813,6,0.01462
2814,1,0.008783
2815,3,0.011002
2816,1,0.008787
2817,7,0.015518
2818,1,0.008795
2819,4,0.012503
2820,10,0.018108
2821,5,0.013396
2822,6,0.01404
2823,3,0.011561
2824,5,0.013211
2825,3,0.011269
2826,5,0.013237
2827,8,0.016473
2828,3,0.010932
2829,10,0.018337
2830,2,0.009856
2831,1,0.008626
2832,6,0.014421
2833,6,0.014356
2834,3,0.010738
2835,5,0.013314
2836,4,0.012187
2837,9,0.019884
2838,1,0.009219
2839,1,0.009072
2840,3,0.010903
2841,2,0.009993
2842,6,0.01454
2843,4,0.011972
2844,1,0.008943
2845,3,0.011106
2846,5,0.013202
2847,5,0.013458
2848,4,0.011858
2849,4,0.012176
2850,4,0.012391
2851,4,0.01277
2852,7,0.01532
2853,2,0.009868
2854,3,0.010926
2855,3,0.011134
2856,1,0.009195
2857,1,0.009204
2858,2,0.009809
2859,5,0.013314
2860,6,0.013983
2861,3,0.01086
2862,2,0.00985
2863,4,0.012167
2864,3,0.011003
2865,3,0.011062
2866,6,0.014218
2867,4,0.011856
2868,2,0.009783
2869,4,0.011598
2870,3,0.011413
2871,3,0.010663
2872,2,0.010147
2873,4,0.012166
2874,5,0.013342
2875,5,0.013223
2876,3,0.011085
2877,3,0.010698
2878,3,0.01091
2879,3,0.011355
2880,1,0.009064
2881,6,0.01443
2882,5,0.013117
2883,3,0.011161
2884,4,0.011951
2885,3,0.011163
2886,3,0.010942
2887,2,0.010172
2888,4,0.012541
2889,8,0.015995
2890,8,0.016653
2891,2,0.009876
2892,4,0.011761
2893,3,0.010993
2894,3,0.010961
2895,3,0.011313
2896,3,0.010918
2897,4,0.012294
2898,4,0.011859
2899,6,0.014472
2900,1,0.00863
2901,2,0.009867
2902,6,0.013998
2903,1,0.008792
2904,1,0.008842
2905,1,0.008646
2906,3,0.011182
2907,5,0.013359
2908,4,0.012043
2909,5,0.012871
2910,5,0.013694
2911,7,0.014812
2912,4,0.012108
2913,6,0.014042
2914,3,0.011325
2915,3,0.011639
2916,2,0.009828
2917,2,0.009811
2918,2,0.010225
2919,4,0.01178
2920,6,0.014558
2921,3,0.010801
2922,4,0.01325
2923,4,0.012325
2924,5,0.013181
2925,10,0.018481
2926,4,0.012959
2927,2,0.009675
2928,1,0.008753
2929,3,0.011288
2930,4,0.011947
2931,3,0.011212
2932,3,0.011094
2933,4,0.012244
2934,3,0.011085
2935,7,0.0152
2936,5,0.013341
2937,3,0.011503
2938,4,0.012232
2939,2,0.009675
2940,4,0.012133
2941,3,0.011169
2942,6,0.014948
2943,7,0.015547
2944,2,0.009881
2945,3,0.01094
2946,4,0.012028
2947,1,0.009071
2948,4,0.012003
2949,3,0.011028
2950,3,0.01108
2951,4,0.012447
2952,3,0.011088
2953,9,0.017068
2954,7,0.015215
2955,5,0.013159
2956,4,0.012384
2957,3,0.011041
2958,3,0.010886
2959,1,0.008968
2960,7,0.01528
2961,3,0.011209
2962,4,0.01233
2963,7,0.01523
2964,3,0.010955
2965,1,0.008677
2966,3,0.011155
2967,3,0.011282
2968,3,0.011086
2969,16,0.025578
2970,4,0.011862
2971,5,0.013625
2972,1,0.008863
2973,5,0.013248
2974,2,0.010349
2975,3,0.010967
2976,2,0.010944
2977,5,0.013538
2978,2,0.010016
2979,11,0.019617
2980,2,0.009841
2981,3,0.011094
2982,3,0.011291
2983,7,0.015506
2984,4,0.01222
2985,9,0.017424
2986,5,0.012524
2987,3,0.011263
2988,8,0.015927
2989,2,0.00975
2990,7,0.015388
2991,3,0.011383
2992,3,0.010678
2993,1,0.008571
2994,5,0.013726
2995,3,0.011194
2996,2,0.010166
2997,3,0.010904
2998,1,0.009025
2999,4,0.012664
3000,5,0.012923
3001,5,0.013356
3002,2,0.010254
3003,9,0.017771
3004,1,0.009157
3005,1,0.008581
3006,2,0.009877
3007,5,0.012788
3008,3,0.011029
3009,5,0.013212
3010,5,0.013572
3011,5,0.013242
3012,1,0.009061
3013,6,0.013944
3014,7,0.015951
3015,1,0.008688
3016,2,0.010451
3017,3,0.011506
3018,3,0.010748
3019,12,0.020784
3020,5,0.01323
3021,3,0.012033
3022,2,0.009655
3023,2,0.00961
3024,2,0.009602
3025,3,0.011168
3026,4,0.012089
3027,5,0.013057
3028,3,0.01075
3029,4,0.01208
3030,4,0.012615
3031,4,0.011618
3032,3,0.011591
3033,3,0.011207
3034,2,0.009936
3035,1,0.008643
3036,1,0.008903
3037,6,0.014437
3038,5,0.013269
3039,1,0.008603
3040,3,0.011057
3041,4,0.011892
3042,3,0.011277
3043,4,0.011711
3044,5,0.013486
3045,4,0.012814
3046,4,0.012353
3047,6,0.013951
3048,4,0.013062
3049,2,0.009676
3050,3,0.011067
3051,3,0.010989
3052,3,0.010575
3053,6,0.014344
3054,4,0.012052
3055,2,0.009909
3056,2,0.00993
3057,5,0.013499
3058,4,0.012021
3059,3,0.010749
3060,3,0.011061
3061,4,0.011488
3062,4,0.011928
3063,2,0.010064
3064,4,0.011803
3065,6,0.01497
3066,5,0.013029
3067,5,0.01334
3068,4,0.012325
3069,3,0.011294
3070,2,0.009748
3071,5,0.01323
3072,4,0.012263
3073,5,0.013043
3074,4,0.011675
3075,5,0.013611
3076,7,0.016024
3077,7,0.016175
3078,8,0.016281
3079,1,0.00921
3080,4,0.012445
3081,5,0.013318
3082,1,0.008912
3083,4,0.01194
3084,5,0.013983
3085,3,0.010902
3086,3,0.011176
3087,2,0.009733
3088,3,0.010846
3089,4,0.012087
3090,7,0.015302
3091,4,0.012553
3092,3,0.010892
3093,3,0.011509
3094,5,0.013151
3095,5,0.013278
3096,4,0.011875
3097,5,0.013669
3098,5,0.013272
3099,7,0.014937
3100,8,0.016
3101,4,0.012063
3102,3,0.011242
3103,2,0.010053
3104,4,0.011907
3105,4,0.012124
3106,4,0.012413
3107,3,0.01068
3108,1,0.008955
3109,12,0.020793
3110,3,0.011144
3111,7,0.015607
3112,3,0.011136
3113,4,0.012428
3114,3,0.010905
3115,3,0.011164
3116,3,0.011198
3117,3,0.010579
3118,4,0.012935
3119,3,0.01075
3120,3,0.011029
3121,2,0.009755
3122,4,0.01218
3123,6,0.01405
3124,2,0.010018
3125,2,0.010245
3126,4,0.011924
3127,4,0.012284
3128,8,0.016962
3129,4,0.011988
3130,3,0.011187
3131,3,0.011004
3132,4,0.012551
3133,2,0.010398
3134,5,0.013344
3135,4,0.011825
3136,11,0.020216
3137,5,0.013624
3138,4,0.011771
3139,2,0.010515
3140,3,0.011487
3141,3,0.011651
3142,1,0.008986
3143,4,0.011557
3144,3,0.011077
3145,8,0.016559
3146,3,0.011108
3147,8,0.016488
3148,2,0.009927
3149,2,0.010088
3150,2,0.009846
3151,1,0.008606
3152,4,0.011948
3153,6,0.014086
3154,3,0.011205
3155,2,0.010333
3156,3,0.011035
3157,5,0.013294
3158,3,0.011224
3159,5,0.013849
3160,2,0.01035
3161,7,0.015431
3162,3,0.011347
3163,4,0.012891
3164,3,0.011266
3165,2,0.009815
3166,1,0.008857
3167,1,0.008721
3168,3,0.011378
3169,2,0.010282
3170,4,0.01206
3171,3,0.011129
3172,3,0.011394
3173,10,0.018666
3174,2,0.010619
3175,3,0.011449
3176,1,0.008965
3177,3,0.01135
3178,4,0.01225
3179,6,0.014688
3180,3,0.011104
3181,3,0.011685
3182,3,0.011596
3183,3,0.010948
3184,3,0.011684
3185,3,0.010639
3186,1,0.008679
3187,4,0.012361
3188,3,0.010959
3189,2,0.010424
3190,2,0.010141
3191,4,0.012442
3192,4,0.011834
3193,4,0.012869
3194,2,0.010177
3195,4,0.012348
3196,1,0.00874
3197,4,0.012127
3198,2,0.01023
3199,6,0.01378
3200,3,0.011205
3201,1,0.009269
3202,1,0.008735
3203,4,0.012082
3204,4,0.012081
3205,6,0.014119
3206,3,0.011358
3207,3,0.01109
3208,1,0.008879
3209,4,0.011793
3210,6,0.014752
3211,1,0.009073
3212,2,0.010073
3213,6,0.014648
3214,3,0.010883
3215,2,0.009864
3216,4,0.012029
3217,5,0.013025
3218,11,0.019322
3219,2,0.010448
3220,6,0.014046
3221,6,0.014549
3222,4,0.011721
3223,5,0.013814
3224,10,0.018126
3225,4,0.012425
3226,2,0.009734
3227,5,0.013043
3228,5,0.013429
3229,3,0.011603
3230,1,0.008686
3231,5,0.013408
3232,4,0.012256
3233,4,0.011885
3234,3,0.011119
3235,2,0.010005
3236,9,0.017795
3237,3,0.010999
3238,6,0.014416
3239,6,0.014439
3240,3,0.011145
3241,4,0.012486
3242,5,0.013086
3243,4,0.012031
3244,4,0.0126
3245,3,0.011062
3246,5,0.014459
3247,2,0.01104
3248,4,0.012535
3249,6,0.014006
3250,6,0.013861
3251,3,0.01085
3252,5,0.013635
3253,3,0.01081
3254,5,0.012893
3255,2,0.009855
3256,3,0.011303
3257,4,0.012144
3258,6,0.014117
3259,4,0.012366
3260,2,0.009543
3261,8,0.01613
3262,12,0.021074
3263,3,0.011163
3264,8,0.016359
3265,8,0.017011
3266,4,0.012027
3267,6,0.014485
3268,4,0.0121
3269,6,0.01468
3270,3,0.011252
3271,1,0.008843
3272,7,0.015364
3273,1,0.009005
3274,4,0.012203
3275,3,0.010872
3276,3,0.011454
3277,8,0.016817
3278,3,0.011104
3279,1,0.009271
3280,1,0.008787
3281,2,0.009604
3282,4,0.012252
3283,5,0.012955
3284,4,0.012645
3285,3,0.011319
3286,3,0.011173
3287,1,0.008953
3288,3,0.011684
3289,5,0.013384
3290,4,0.012378
3291,5,0.01296
3292,3,0.011345
3293,4,0.011948
3294,3,0.011096
3295,5,0.013286
3296,7,0.015545
3297,4,0.011935
3298,3,0.011717
3299,5,0.013015
3300,3,0.010911
3301,3,0.010978
3302,3,0.010706
3303,3,0.0113
3304,5,0.013079
3305,3,0.011831
3306,6,0.01403
3307,2,0.009666
3308,1,0.0088
3309,1,0.008987
3310,4,0.01241
3311,3,0.011267
3312,1,0.008691
3313,4,0.012139
3314,4,0.011875
3315,4,0.012462
3316,5,0.012962
3317,4,0.01239
3318,3,0.010976
3319,4,0.011949
3320,4,0.012153
3321,3,0.011062
3322,6,0.01437
3323,4,0.012108
3324,1,0.009092
3325,3,0.011538
3326,1,0.008909
3327,5,0.012905
3328,2,0.010137
3329,1,0.008744
3330,6,0.013987
3331,1,0.008886
3332,2,0.009679
3333,2,0.009947
3334,1,0.009345
3335,4,0.012232
3336,1,0.008812
3337,2,0.01049
3338,7,0.015315
3339,5,0.013337
3340,9,0.017491
3341,4,0.012112
3342,1,0.008702
3343,2,0.010134
3344,3,0.01101
3345,2,0.010091
3346,3,0.011288
3347,2,0.009878
3348,1,0.008705
3349,5,0.013332
3350,4,0.012023
3351,3,0.010989
3352,3,0.011996
3353,7,0.015146
3354,11,0.019621
3355,9,0.017185
3356,5,0.01301
3357,5,0.013716
3358,6,0.014053
3359,5,0.013366
3360,4,0.012627
3361,0,0.002284
3362,3,0.010962
3363,2,0.010012
3364,0,0.002244
3365,3,0.010978
3366,2,0.009918
3367,5,0.013289
3368,3,0.011153
3369,4,0.011678
3370,8,0.016848
3371,7,0.014805
3372,9,0.017593
3373,4,0.012076
3374,1,0.009123
3375,3,0.011164
3376,6,0.013914
3377,1,0.008875
3378,1,0.008697
3379,7,0.015519
3380,1,0.008915
3381,1,0.008833
3382,3,0.011086
3383,4,0.012179
3384,2,0.009898
3385,3,0.010734
3386,4,0.012128
3387,5,0.012867
3388,4,0.012078
3389,3,0.011032
3390,5,0.013153
3391,4,0.012238
3392,2,0.00971
3393,2,0.010164
3394,5,0.013353
3395,3,0.010937
3396,4,0.011967
3397,7,0.015107
3398,3,0.011259
3399,5,0.013126
3400,4,0.012258
3401,3,0.011033
3402,4,0.012259
3403,2,0.010041
3404,3,0.011062
3405,5,0.013167
3406,7,0.015794
3407,6,0.014231
3408,3,0.010894
3409,3,0.011584
3410,1,0.010682
3411,3,0.011751
3412,3,0.01193
3413,6,0.01389
3414,4,0.011821
3415,5,0.013406
3416,7,0.015351
3417,2,0.009863
3418,5,0.012998
3419,3,0.011161
3420,4,0.012024
3421,11,0.01926
3422,2,0.009982
3423,2,0.010386
3424,4,0.013283
3425,1,0.008975
3426,4,0.012395
3427,1,0.008634
3428,4,0.012183
3429,3,0.011235
3430,3,0.010588
3431,2,0.01048
3432,1,0.009376
3433,2,0.009829
3434,3,0.011633
3435,2,0.009847
3436,5,0.013626
3437,4,0.011878
3438,4,0.012269
3439,2,0.009923
3440,3,0.010941
3441,3,0.011315
3442,3,0.011032
3443,5,0.013916
3444,5,0.013611
3445,3,0.011455
3446,4,0.01202
3447,3,0.011418
3448,2,0.010397
3449,1,0.008563
3450,3,0.011164
3451,1,0.008857
3452,4,0.011679
3453,5,0.013609
3454,6,0.014187
3455,4,0.01205
3456,5,0.013033
3457,3,0.011614
3458,3,0.011202
3459,8,0.017499
3460,5,0.014522
3461,4,0.013224
3462,3,0.010962
3463,3,0.01081
3464,4,0.01213
3465,4,0.011865
3466,7,0.015112
3467,4,0.012046
3468,4,0.011992
3469,3,0.012049
3470,10,0.018376
3471,3,0.010707
3472,2,0.009725
3473,4,0.012056
3474,3,0.011114
3475,1,0.00879
3476,3,0.010666
3477,3,0.011154
3478,1,0.008633
3479,3,0.01239
3480,4,0.012095
3481,5,0.013089
3482,6,0.014513
3483,1,0.008708
3484,5,0.01339
3485,3,0.011109
3486,3,0.011053
3487,3,0.011103
3488,3,0.011534
3489,4,0.012107
3490,6,0.014444
3491,4,0.012326
3492,14,0.022289
3493,6,0.014404
3494,5,0.013301
3495,4,0.012389
3496,3,0.011367
3497,3,0.010963
3498,2,0.009908
3499,3,0.01112
3500,6,0.013759
3501,1,0.009153
3502,2,0.009821
3503,3,0.010949
3504,6,0.014463
3505,2,0.010029
3506,4,0.012263
3507,5,0.013131
3508,2,0.010714
3509,3,0.011034
3510,3,0.011138
3511,3,0.011132
3512,4,0.011997
3513,5,0.013228
3514,5,0.01344
3515,7,0.015258
3516,5,0.013365
3517,4,0.012986
3518,4,0.011904
3519,2,0.00995
3520,6,0.013869
3521,2,0.009949
3522,4,0.012595
3523,4,0.012641
3524,3,0.011092
3525,4,0.012072
3526,13,0.021142
3527,7,0.015202
3528,4,0.012117
3529,5,0.012918
3530,5,0.013284
3531,5,0.012953
3532,5,0.012868
3533,6,0.015008
3534,6,0.015077
3535,4,0.01207
3536,1,0.008884
3537,2,0.009651
3538,4,0.011935
3539,3,0.011474
3540,4,0.012095
3541,3,0.01132
3542,1,0.009243
3543,3,0.011715
3544,5,0.013777
3545,2,0.01026
3546,7,0.015053
3547,4,0.011922
3548,4,0.01284
3549,1,0.00906
3550,5,0.012735
3551,8,0.016182
3552,1,0.008741
3553,5,0.013645
3554,2,0.009636
3555,1,0.008763
3556,1,0.009015
3557,1,0.008664
3558,3,0.01163
3559,1,0.008887
3560,2,0.010147
3561,7,0.015494
3562,3,0.011035
3563,2,0.009805
3564,9,0.017314
3565,2,0.009949
3566,3,0.011212
3567,5,0.014248
3568,9,0.018245
3569,4,0.012183
3570,3,0.011346
3571,2,0.009765
3572,3,0.011016
3573,4,0.012297
3574,7,0.016123
3575,4,0.012437
3576,3,0.011208
3577,4,0.012235
3578,3,0.011429
3579,4,0.012045
3580,1,0.008698
3581,8,0.016794
3582,5,0.012704
3583,4,0.011986
3584,7,0.015951
3585,4,0.01221
3586,3,0.010929
3587,6,0.014326
3588,2,0.00963
3589,2,0.010047
3590,3,0.011788
3591,7,0.015146
3592,3,0.010896
3593,6,0.015188
3594,9,0.017622
3595,1,0.008783
3596,3,0.01139
3597,7,0.015308
3598,5,0.013137
3599,1,0.008946
3600,1,0.008892
3601,3,0.011178
3602,1,0.008741
3603,1,0.008959
3604,2,0.010145
3605,2,0.010601
3606,5,0.013734
3607,3,0.010861
3608,1,0.008789
3609,3,0.011242
3610,2,0.010372
3611,3,0.010949
3612,2,0.009687
3613,2,0.010213
3614,1,0.009111
3615,3,0.010887
3616,2,0.00996
3617,3,0.011115
3618,2,0.009574
3619,3,0.011155
3620,4,0.012159
3621,1,0.008533
3622,2,0.010329
3623,6,0.014505
3624,4,0.011786
3625,8,0.016706
3626,2,0.009798
3627,2,0.010111
3628,4,0.012331
3629,2,0.009838
3630,4,0.011978
3631,3,0.011475
3632,3,0.011088
3633,2,0.009864
3634,6,0.014099
3635,5,0.012998
3636,3,0.011088
3637,4,0.011837
3638,3,0.011454
3639,3,0.010853
3640,3,0.011462
3641,7,0.015804
3642,3,0.011344
3643,1,0.008616
3644,4,0.01226
3645,4,0.012123
3646,3,0.01087
3647,3,0.011348
3648,10,0.019093
3649,3,0.011667
3650,4,0.013074
3651,6,0.01427
3652,1,0.009105
3653,3,0.010856
3654,4,0.012555
3655,4,0.012449
3656,3,0.012791
3657,3,0.012505
3658,1,0.009124
3659,8,0.016653
3660,4,0.012394
3661,2,0.010666
3662,8,0.016261
3663,2,0.009912
3664,1,0.008869
3665,3,0.011873
3666,3,0.012031
3667,2,0.010129
3668,3,0.01173
3669,2,0.009801
3670,3,0.011359
3671,3,0.0106
3672,8,0.016349
3673,3,0.011499
3674,5,0.013258
3675,3,0.011793
3676,3,0.011082
3677,4,0.012246
3678,1,0.009105
3679,4,0.012336
3680,2,0.009886
3681,1,0.00886
3682,3,0.010935
3683,3,0.011188
3684,3,0.010935
3685,1,0.008592
3686,6,0.015507
3687,4,0.011874
3688,5,0.01308
3689,2,0.009788
3690,6,0.01393
3691,2,0.00985
3692,4,0.012069
3693,2,0.010171
3694,14,0.022473
3695,6,0.014308
3696,3,0.011302
3697,4,0.011913
3698,2,0.009692
3699,7,0.015883
3700,9,0.017236
3701,2,0.009963
3702,4,0.012373
3703,1,0.008949
3704,4,0.012085
3705,7,0.015201
3706,8,0.016273
3707,4,0.012516
3708,3,0.011102
3709,6,0.01441
3710,6,0.014396
3711,6,0.014359
3712,7,0.015636
3713,4,0.012248
3714,3,0.011576
3715,9,0.01711
3716,3,0.011069
3717,6,0.013922
3718,1,0.009317
3719,2,0.009942
3720,5,0.013222
3721,1,0.008824
3722,3,0.011509
3723,4,0.012414
3724,5,0.012992
3725,6,0.014195
3726,4,0.012293
3727,6,0.014401
3728,1,0.008864
3729,3,0.010984
3730,3,0.011675
3731,3,0.010881
3732,3,0.011358
3733,1,0.008927
3734,5,0.013439
3735,6,0.013998
3736,4,0.012255
3737,1,0.010089
3738,14,0.02384
3739,3,0.010711
3740,1,0.008994
3741,6,0.014291
3742,5,0.013082
3743,5,0.013416
3744,4,0.011955
3745,5,0.013673
3746,1,0.008912
3747,3,0.010943
3748,5,0.013492
3749,6,0.014117
3750,6,0.01447
3751,3,0.010715
3752,2,0.009945
3753,3,0.011156
3754,7,0.014916
3755,4,0.011866
3756,4,0.01246
3757,1,0.008882
3758,5,0.013116
3759,3,0.011218
3760,5,0.012903
3761,5,0.013067
3762,3,0.011371
3763,2,0.010111
3764,3,0.011232
3765,1,0.008897
3766,1,0.008792
3767,0,0.00228
3768,0,0.002263
3769,4,0.012304
3770,3,0.011134
3771,4,0.011899
3772,4,0.012076
3773,1,0.008692
3774,3,0.011023
3775,1,0.008848
3776,2,0.009984
3777,4,0.012142
3778,5,0.01306
3779,1,0.008813
3780,4,0.01207
3781,4,0.012258
3782,3,0.011242
3783,5,0.013642
3784,3,0.011114
3785,3,0.011079
3786,4,0.012112
3787,2,0.009904
3788,5,0.01298
3789,8,0.016026
3790,2,0.009818
3791,1,0.008742
3792,2,0.009868
3793,3,0.011281
3794,4,0.01227
3795,5,0.013143
3796,2,0.010177
3797,6,0.014416
3798,1,0.008852
3799,3,0.011226
3800,1,0.008675
3801,7,0.015534
3802,2,0.010437
3803,1,0.008649
3804,8,0.015999
3805,3,0.011059
3806,3,0.011378
3807,4,0.012011
3808,1,0.008895
3809,4,0.011868
3810,2,0.00966
3811,8,0.016837
3812,5,0.013231
3813,3,0.010902
3814,3,0.010998
3815,2,0.010253
3816,8,0.016158
3817,4,0.011771
3818,1,0.008975
3819,11,0.019506
3820,11,0.019134
3821,6,0.015552
3822,3,0.011038
3823,2,0.009999
3824,4,0.011995
3825,2,0.010313
3826,4,0.011775
3827,4,0.011707
3828,1,0.009402
3829,4,0.012197
3830,5,0.013113
3831,1,0.009259
3832,5,0.012938
3833,4,0.012563
3834,3,0.010999
3835,6,0.014359
3836,3,0.011073
3837,1,0.009403
3838,1,0.008555
3839,9,0.017388
3840,1,0.008923
3841,6,0.014684
3842,2,0.009695
3843,4,0.011803
3844,3,0.011025
3845,5,0.01279
3846,3,0.010936
3847,8,0.016017
3848,2,0.010043
3849,5,0.01342
3850,5,0.012877
3851,7,0.014857
3852,1,0.008964
3853,5,0.013435
3854,5,0.013251
3855,4,0.012443
3856,4,0.012609
3857,7,0.015119
3858,2,0.009822
3859,3,0.010881
3860,3,0.010986
3861,5,0.01294
3862,4,0.012459
3863,10,0.018532
3864,2,0.009757
3865,3,0.011097
3866,5,0.013201
3867,2,0.010001
3868,3,0.010951
3869,4,0.01201
3870,2,0.009718
3871,6,0.014409
3872,4,0.012457
3873,4,0.011822
3874,1,0.008919
3875,5,0.012905
3876,8,0.016062
3877,8,0.016162
3878,7,0.015208
3879,5,0.013584
3880,1,0.00877
3881,2,0.010418
3882,2,0.009758
3883,7,0.015162
3884,8,0.016387
3885,6,0.01412
3886,7,0.015262
3887,5,0.01291
3888,1,0.008758
3889,2,0.010072
3890,3,0.011028
3891,2,0.010094
3892,4,0.012118
3893,2,0.01019
3894,3,0.011053
3895,2,0.009769
3896,2,0.009786
3897,2,0.009805
3898,9,0.017231
3899,4,0.013056
3900,3,0.010983
3901,3,0.011
3902,4,0.012047
3903,5,0.0138
3904,1,0.009295
3905,15,0.023419
3906,3,0.011606
3907,3,0.011662
3908,1,0.008553
3909,1,0.00912
3910,7,0.015572
3911,3,0.01102
3912,2,0.009698
3913,4,0.01196
3914,3,0.011159
3915,6,0.014243
3916,3,0.010744
3917,7,0.015715
3918,2,0.009816
3919,2,0.010134
3920,2,0.010192
3921,2,0.009718
3922,4,0.012206
3923,3,0.011
3924,4,0.011982
3925,19,0.028142
3926,2,0.009988
3927,1,0.008732
3928,2,0.009945
3929,3,0.011196
3930,5,0.01368
3931,3,0.010942
3932,4,0.012001
3933,1,0.008943
3934,5,0.013217
3935,2,0.009737
3936,3,0.010976
3937,8,0.016457
3938,4,0.012035
3939,2,0.00973
3940,5,0.013469
3941,5,0.012787
3942,1,0.008938
3943,8,0.016544
3944,1,0.008692
3945,6,0.014017
3946,2,0.009926
3947,2,0.010019
3948,4,0.011899
3949,2,0.00981
3950,5,0.012777
3951,3,0.010688
3952,3,0.011059
3953,2,0.010303
3954,1,0.009231
3955,4,0.011827
3956,4,0.012234
3957,5,0.013524
3958,3,0.010976
3959,2,0.009681
3960,2,0.009865
3961,3,0.011396
3962,1,0.009244
3963,4,0.012368
3964,10,0.018442
3965,3,0.01089
3966,3,0.01099
3967,3,0.010902
3968,2,0.009926
3969,2,0.009816
3970,3,0.010959
3971,3,0.011113
3972,2,0.010281
3973,4,0.011799
3974,5,0.012974
3975,6,0.014768
3976,3,0.010645
3977,4,0.012209
3978,5,0.013171
3979,4,0.012144
3980,5,0.012975
3981,2,0.010008
3982,5,0.013556
3983,4,0.012767
3984,3,0.011749
3985,3,0.010589
3986,4,0.012662
3987,3,0.011225
3988,3,0.011499
3989,2,0.010005
3990,3,0.011809
3991,1,0.009206
3992,7,0.015242
3993,10,0.01891
3994,1,0.0088
3995,3,0.011232
3996,2,0.010007
3997,4,0.012048
3998,3,0.011444
3999,2,0.010108
4000,8,0.016248
4001,4,0.012159
4002,5,0.013481
4003,10,0.017844
4004,5,0.01279
4005,1,0.008517
4006,4,0.012001
4007,6,0.014275
4008,4,0.012216
4009,3,0.011163
4010,4,0.012095
4011,4,0.012385
4012,5,0.013071
4013,2,0.010147
4014,4,0.011813
4015,6,0.01443
4016,6,0.014971
4017,2,0.01
4018,8,0.016481
4019,2,0.009721
4020,5,0.013046
4021,2,0.009872
4022,3,0.010772
4023,4,0.012384
4024,2,0.010271
4025,2,0.010193
4026,1,0.009165
4027,1,0.008696
4028,6,0.014533
4029,1,0.008742
4030,3,0.011251
4031,3,0.011224
4032,3,0.010963
4033,4,0.012079
4034,4,0.012391
4035,3,0.010964
4036,6,0.014268
4037,3,0.011101
4038,6,0.014023
4039,3,0.011067
4040,3,0.011069
4041,4,0.01184
4042,8,0.016725
4043,3,0.011185
4044,3,0.011241
4045,2,0.00962
4046,4,0.012087
4047,11,0.019013
4048,3,0.011
4049,1,0.00873
4050,1,0.008798
4051,3,0.011023
4052,2,0.010273
4053,4,0.012092
4054,1,0.008848
4055,3,0.01098
4056,4,0.012025
4057,5,0.0129
4058,2,0.010183
4059,5,0.013214
4060,2,0.010037
4061,3,0.01116
4062,3,0.011089
4063,3,0.01126
4064,3,0.010705
4065,5,0.013549
4066,3,0.011073
4067,1,0.009098
4068,5,0.014475
4069,6,0.014854
4070,3,0.010721
4071,4,0.012487
4072,5,0.013371
4073,4,0.011858
4074,4,0.011902
4075,4,0.01213
4076,3,0.011141
4077,3,0.01113
4078,4,0.012238
4079,8,0.01588
4080,1,0.009154
4081,2,0.009865
4082,3,0.011024
4083,5,0.013117
4084,8,0.015729
4085,4,0.011891
4086,6,0.014313
4087,6,0.014164
4088,3,0.011385
4089,2,0.009884
4090,3,0.011156
4091,2,0.010129
4092,4,0.01211
4093,4,0.01216
4094,3,0.011137
4095,7,0.015381
4096,5,0.012861
4097,4,0.012037
4098,3,0.010986
4099,5,0.013316
4100,4,0.01239
4101,3,0.010783
4102,3,0.010615
4103,1,0.008805
4104,3,0.011275
4105,2,0.00963
4106,5,0.01307
4107,4,0.012382
4108,4,0.01246
4109,3,0.010729
4110,5,0.013318
4111,3,0.010782
4112,1,0.008819
4113,2,0.009845
4114,3,0.01112
4115,3,0.011356
4116,3,0.011386
4117,3,0.011096
4118,3,0.011241
4119,2,0.010175
4120,6,0.014134
4121,1,0.008601
4122,1,0.008928
4123,5,0.01298
4124,4,0.011952
4125,1,0.00869
4126,2,0.010115
4127,3,0.010792
4128,4,0.011992
4129,4,0.012844
4130,2,0.010205
4131,5,0.013016
4132,2,0.009938
4133,8,0.016451
4134,3,0.011086
4135,5,0.013481
4136,3,0.01098
4137,7,0.015069
4138,1,0.009172
4139,4,0.012229
4140,2,0.010187
4141,3,0.011035
4142,3,0.011389
4143,4,0.012072
4144,8,0.016361
4145,6,0.014275
4146,5,0.013431
4147,2,0.009936
4148,4,0.012325
4149,1,0.0088
4150,8,0.017157
4151,6,0.014542
4152,1,0.009253
4153,1,0.008911
4154,4,0.012034
4155,4,0.012014
4156,3,0.011173
4157,3,0.010946
4158,5,0.013433
4159,3,0.011103
4160,15,0.023646
4161,3,0.011196
4162,2,0.010077
4163,3,0.010774
4164,3,0.011098
4165,3,0.011358
4166,3,0.010687
4167,5,0.013221
4168,4,0.012196
4169,5,0.012939
4170,2,0.010343
4171,3,0.010939
4172,5,0.012851
4173,2,0.010067
4174,8,0.016189
4175,5,0.013401
4176,6,0.014119
4177,2,0.009772
4178,3,0.01083
4179,2,0.009962
4180,4,0.012202
4181,4,0.012109
4182,1,0.008806
4183,4,0.012143
4184,4,0.011892
4185,4,0.012276
4186,2,0.009902
4187,3,0.010955
4188,3,0.011055
4189,3,0.01107
4190,2,0.010175
4191,2,0.009713
4192,2,0.009902
4193,1,0.008908
4194,4,0.012192
4195,3,0.011254
4196,7,0.015166
4197,1,0.008944
4198,2,0.009751
4199,2,0.010432
4200,3,0.011164
4201,7,0.015163
4202,3,0.010663
4203,6,0.014127
4204,7,0.015155
4205,3,0.010933
4206,3,0.010916
4207,3,0.011043
4208,2,0.010149
4209,5,0.013148
4210,1,0.00873
4211,5,0.013481
4212,5,0.013362
4213,3,0.01088
4214,4,0.012157
4215,3,0.01096
4216,2,0.010175
4217,4,0.01263
4218,8,0.016091
4219,4,0.011915
4220,3,0.011245
4221,3,0.010975
4222,4,0.012245
4223,3,0.011533
4224,4,0.011772
4225,4,0.012387
4226,3,0.011265
4227,4,0.012493
4228,3,0.011032
4229,3,0.010823
4230,6,0.014452
4231,5,0.013158
4232,5,0.013233
4233,1,0.008713
4234,3,0.01271
4235,6,0.014548
4236,6,0.014229
4237,3,0.011032
4238,3,0.011576
4239,2,0.009719
4240,5,0.013154
4241,1,0.009053
4242,4,0.011775
4243,6,0.014514
4244,4,0.012673
4245,4,0.012014
4246,10,0.018531
4247,3,0.010767
4248,3,0.011101
4249,2,0.00987
4250,1,0.00862
4251,13,0.021578
4252,4,0.01186
4253,3,0.010976
4254,5,0.013197
4255,3,0.010982
4256,5,0.01279
4257,2,0.00991
4258,1,0.008866
4259,2,0.009694
4260,5,0.013276
4261,3,0.011181
4262,3,0.011269
4263,6,0.014043
4264,1,0.008904
4265,6,0.014157
4266,2,0.009746
4267,3,0.010959
4268,3,0.010963
4269,3,0.010958
4270,4,0.011966
4271,3,0.011027
4272,6,0.014071
4273,6,0.013929
4274,4,0.012103
4275,4,0.012213
4276,5,0.013612
4277,3,0.010925
4278,1,0.008834
4279,5,0.013533
4280,2,0.010336
4281,3,0.011941
4282,4,0.013183
4283,3,0.011635
4284,5,0.013711
4285,11,0.019228
4286,1,0.008735
4287,4,0.012008
4288,2,0.010584
4289,7,0.015046
4290,2,0.010039
4291,3,0.011039
4292,4,0.012113
4293,4,0.012611
4294,4,0.011866
4295,4,0.012336
4296,3,0.010738
4297,3,0.011276
4298,5,0.013373
4299,3,0.011051
4300,3,0.010821
4301,1,0.00857
4302,3,0.010942
4303,2,0.010044
4304,3,0.011068
4305,5,0.012817
4306,5,0.01331
4307,1,0.008616
4308,4,0.012466
4309,2,0.009837
4310,8,0.016392
4311,3,0.010673
4312,3,0.011722
4313,2,0.010185
4314,5,0.013076
4315,5,0.01327
4316,3,0.011361
4317,6,0.014388
4318,7,0.015459
4319,2,0.009843
4320,4,0.01193
4321,5,0.013188
4322,5,0.013014
4323,1,0.00892
4324,3,0.011344
4325,4,0.012081
4326,4,0.012164
4327,3,0.011393
4328,4,0.01209
4329,4,0.012408
4330,3,0.010906
4331,1,0.00883
4332,4,0.012063
4333,3,0.011508
4334,4,0.012114
4335,6,0.014005
4336,5,0.013182
4337,5,0.01326
4338,3,0.010895
4339,5,0.013125
4340,7,0.015165
4341,3,0.010875
4342,6,0.014378
4343,3,0.011363
4344,6,0.014059
4345,2,0.009816
4346,5,0.013106
4347,1,0.008777
4348,7,0.014915
4349,4,0.012202
4350,2,0.009666
4351,3,0.011724
4352,4,0.012177
4353,2,0.009731
4354,3,0.011014
4355,1,0.008737
4356,4,0.012328
4357,3,0.010789
4358,5,0.012933
4359,1,0.008688
4360,2,0.010164
4361,3,0.010839
4362,2,0.010329
4363,1,0.008651
4364,4,0.012024
4365,3,0.010966
4366,4,0.012377
4367,4,0.012287
4368,3,0.010634
4369,2,0.009971
4370,2,0.009958
4371,2,0.009699
4372,7,0.015604
4373,2,0.010177
4374,3,0.010951
4375,3,0.01076
4376,4,0.012295
4377,1,0.009108
4378,4,0.012117
4379,2,0.009929
4380,5,0.013431
4381,10,0.0184
4382,3,0.010949
4383,3,0.011016
4384,4,0.011842
4385,1,0.008827
4386,5,0.013327
4387,4,0.011929
4388,6,0.01445
4389,3,0.011231
4390,5,0.013312
4391,3,0.010833
4392,3,0.011035
4393,3,0.010905
4394,5,0.012715
4395,3,0.011366
4396,3,0.011304
4397,2,0.009689
4398,3,0.011622
4399,4,0.012043
4400,4,0.011687
4401,5,0.014158
4402,2,0.009981
4403,6,0.014065
4404,5,0.013132
4405,3,0.010689
4406,4,0.012564
4407,4,0.012101
4408,2,0.010437
4409,2,0.009733
4410,8,0.016965
4411,2,0.009911
4412,3,0.011096
4413,1,0.00871
4414,12,0.020267
4415,1,0.008581
4416,4,0.012415
4417,13,0.021281
4418,6,0.013985
4419,5,0.013441
4420,3,0.011069
4421,4,0.011727
4422,5,0.013232
4423,5,0.013498
4424,3,0.011044
4425,9,0.017236
4426,4,0.011911
4427,3,0.011196
4428,5,0.013554
4429,4,0.01189
4430,3,0.010695
4431,2,0.010238
4432,1,0.009102
4433,3,0.011076
4434,4,0.012309
4435,2,0.009977
4436,2,0.009782
4437,3,0.010825
4438,9,0.017154
4439,1,0.008779
4440,2,0.009753
4441,3,0.011149
4442,3,0.01128
4443,7,0.015429
4444,3,0.011033
4445,5,0.013436
4446,4,0.012092
4447,4,0.012271
4448,3,0.01116
4449,6,0.014265
4450,4,0.012334
4451,4,0.011885
4452,6,0.014237
4453,5,0.013359
4454,1,0.008964
4455,4,0.012084
4456,5,0.01311
4457,5,0.013226
4458,5,0.013365
4459,6,0.014394
4460,8,0.01616
4461,9,0.017528
4462,3,0.011091
4463,4,0.012022
4464,5,0.013012
4465,4,0.011708
4466,2,0.010132
4467,5,0.01333
4468,1,0.008709
4469,3,0.011411
4470,5,0.013272
4471,3,0.011213
4472,3,0.011209
4473,3,0.01081
4474,7,0.015035
4475,5,0.012881
4476,7,0.015741
4477,7,0.015798
4478,5,0.014101
4479,5,0.013138
4480,3,0.01133
4481,1,0.008623
4482,3,0.010784
4483,4,0.011946
4484,4,0.01244
4485,3,0.01076
4486,6,0.014038
4487,3,0.011182
4488,3,0.010907
4489,6,0.014016
4490,3,0.011021
4491,5,0.013462
4492,4,0.012455
4493,3,0.011633
4494,6,0.014228
4495,4,0.011616
4496,5,0.013463
4497,4,0.012091
4498,1,0.008829
4499,4,0.011937
